-0.29279143	-0.045938432	-0.09538541	0.0019546591	0.017211668	0.05489661	-0.08252227	0.14147504	0.031009728	0.005564933	0.43446314	0.12660317	0.002211775	0.090324715	-0.11300639	0.049968805
-0.21578722	-0.025177116	-0.09662064	-0.10089732	-0.0075935097	-0.018146208	-0.03298857	0.22635843	0.017487176	-0.043373402	0.50810856	0.013271229	-0.09011102	0.04902386	-0.100678556	0.0055058533
0.0041970816	-0.46405774	0.170249	-0.5158256	-0.4283516	-0.42869106	0.4337971	-0.07871512	-0.3776027	-0.3549131	0.38396478	-0.32116994	-0.46961272	-0.42699474	0.14499663	-0.3628377
-0.20047198	-0.004565593	-0.097450756	-0.061858773	-0.04566234	-0.028015869	0.025613204	0.11706075	0.010372597	-0.027620364	0.3575571	0.05126175	-0.048342075	0.051024396	-0.10384018	0.0039053294
-0.31589597	0.11293154	-0.22829182	0.098269865	0.11934714	0.15655725	-0.18927512	0.19612192	0.14025812	0.14849192	0.3954086	0.19574073	0.12371656	0.11682939	-0.20223336	0.099885195
-0.15035558	0.011722904	-0.13585249	-0.036216382	0.06250987	-0.020077478	-0.08131111	0.13386844	-0.014531269	-0.019841954	0.33469623	0.09740635	-0.05836455	0.033545814	-0.09829436	0.05761187
-0.05835856	-0.3282348	0.06382072	-0.34126112	-0.25781325	-0.22658996	0.25611773	-0.042201053	-0.24364047	-0.24998374	0.3154769	-0.11960851	-0.313796	-0.24075733	0.10859897	-0.2730856
-0.14791174	0.11348129	-0.16346224	0.07016905	0.06563886	0.15543228	-0.1291919	0.13454854	0.072317265	0.14392094	0.32348627	0.09221382	0.11261705	0.07751812	-0.12949266	0.12908134
-0.20420058	0.051965922	-0.13539109	-0.06533517	0.06667786	-0.011027017	-0.002576819	0.09864508	0.062679365	0.044875745	0.30668673	0.06503219	-0.011141177	0.011056302	-0.14039412	-0.005343167
-0.29336473	0.12502576	-0.1604387	0.11818636	0.16040842	0.12291058	-0.20094344	0.22880015	0.13059382	0.0860769	0.4361961	0.18485433	0.116163194	0.15302211	-0.24618539	0.14533244
-0.22560705	0.08447952	-0.091351226	0.07414943	0.13436943	0.10753148	-0.13194066	0.18887858	0.09812744	0.16259964	0.254975	0.101886116	0.091273956	0.14046232	-0.1420589	0.07711908
-0.06686784	-0.061622955	0.0075212824	-0.14769197	-0.047484282	-0.099304125	0.10598196	0.03292772	-0.025344586	-0.060693823	0.20262021	-0.029802507	-0.13289765	-0.118689045	0.016789248	-0.11384362
-0.11765657	-0.028887121	-0.061450694	-0.07800187	0.02487233	0.0120251635	-0.022984557	0.093930684	-0.030225659	-0.022741413	0.36943737	-0.015468271	-0.010266655	-0.04784783	-0.12742475	-0.03452027
-1.0594718	1.1540362	-1.0918	1.2042634	1.0900091	1.1791295	-1.1660932	1.0879864	1.1554387	1.1430191	0.95661646	1.0782753	1.2263223	1.1737807	-1.0970998	1.098066
-0.07985878	0.0029653609	-0.068603	-0.080643326	0.01250775	-0.0063398206	-0.053991735	0.10108398	-0.025654377	0.022446498	0.2502986	0.027648019	0.0068253884	-0.015388576	-0.059383992	0.017507082
-0.16949514	0.029251382	-0.10208908	0.03625886	0.12166208	0.08433203	-0.07105515	0.12377263	0.056616127	0.11638086	0.23644787	0.106200576	0.04852751	0.06074859	-0.16260028	0.08340131
0.11221665	-0.3696544	0.147378	-0.3967821	-0.33821997	-0.3625213	0.26870185	-0.10983647	-0.2837947	-0.3518894	0.18187226	-0.1844071	-0.3660923	-0.3066552	0.1653527	-0.3136744
0.117265865	-0.3337351	0.18128489	-0.31220192	-0.3161376	-0.23718636	0.23618889	-0.108371556	-0.31002682	-0.28547302	0.049160074	-0.22421609	-0.3559037	-0.30900353	0.22735508	-0.22218102
1.1255189	-1.5229204	1.2904339	-1.5634077	-1.4440848	-1.497502	1.5147047	-1.2465671	-1.4605304	-1.4228063	-0.64058596	-1.3321153	-1.5600582	-1.4581151	1.2626959	-1.4414228
0.72381115	-1.0470915	0.851393	-1.1080921	-1.0404317	-1.0822135	1.0292367	-0.7384437	-1.0618386	-0.9988777	-0.27903157	-0.8762745	-1.127297	-1.0774671	0.8592729	-1.0050985
-0.0757646	-0.05642165	-0.029116223	-0.045467917	-0.07937043	-0.04280071	0.03053013	0.013523927	-0.095055	-0.06701223	0.22880659	0.014720779	-0.11162856	0.0024152151	-0.0058713653	-0.037099864
-0.36430702	0.2734173	-0.24354988	0.2963401	0.23509741	0.25932816	-0.31458086	0.28037834	0.21434444	0.2854916	0.4255775	0.22722906	0.24774982	0.22823068	-0.28551814	0.24660188
0.061827328	-0.18506593	0.074330546	-0.24948145	-0.21013743	-0.22576639	0.21438779	-0.081212655	-0.15074566	-0.21197356	0.053121675	-0.19688481	-0.256747	-0.1837791	0.13959381	-0.24132137
-0.008266035	-0.08113548	0.09811739	-0.14229062	-0.10255388	-0.12237808	0.11285808	-0.038770534	-0.0723293	-0.07004069	0.057050943	-0.04390044	-0.13560832	-0.11464805	0.063217014	-0.13231789
0.054729257	-0.12883034	0.055767015	-0.11154406	-0.1394224	-0.089489736	0.122747004	-0.025733741	-0.121657714	-0.1422801	0.05069888	-0.0505275	-0.15314685	-0.083870634	0.07154539	-0.07667165
0.22951779	-0.33331218	0.22417422	-0.37878865	-0.28273442	-0.3402169	0.2752319	-0.2688046	-0.33305943	-0.2606358	-0.1116589	-0.2803408	-0.28872186	-0.268954	0.22169851	-0.25049183
-0.030500237	-0.0713207	0.025213145	-0.07548494	-0.033033796	-0.038383253	0.067404315	0.028554093	-0.005826534	-0.084766515	0.104150064	-0.059297547	-0.07830696	-0.02175307	-0.030809794	-0.020418068
0.10518262	-0.18666537	0.12263375	-0.2882543	-0.20860285	-0.16991319	0.1858853	-0.079703555	-0.19563341	-0.1765142	0.055834766	-0.15907578	-0.21298705	-0.21251558	0.108966716	-0.17817469
-0.14910805	0.03438445	-0.06419048	0.035196427	0.042001903	0.036213312	-0.012824241	0.09802702	-0.0059696143	0.035961702	0.22367741	0.03449727	-0.0039550397	0.0030627449	-0.05413706	0.07797378
-0.14636345	0.15411425	-0.14105682	0.12652954	0.15840606	0.112222716	-0.18245845	0.21773364	0.17475808	0.089741014	0.1894618	0.1970079	0.086577035	0.12707415	-0.16013442	0.12432961
0.030202797	-0.00097604655	0.005165208	0.0022653386	0.013290398	0.019037489	0.031275477	-0.026936308	0.011061338	0.05469946	0.05827742	-0.0055358172	0.0041068443	0.056986887	-0.062697664	0.04921449
-0.36794305	0.23450403	-0.2684569	0.28330395	0.271258	0.23613562	-0.2764934	0.31818604	0.31478006	0.254518	0.42291594	0.31149668	0.28404784	0.22279905	-0.3321768	0.302657
0.1901084	-0.3095321	0.2169918	-0.31609032	-0.27616644	-0.326907	0.3111842	-0.26722458	-0.29147422	-0.2587804	-0.11916439	-0.31172433	-0.30826393	-0.27858302	0.24184263	-0.3029148
0.112373814	-0.28108022	0.21595185	-0.29109204	-0.27289882	-0.21051879	0.27147225	-0.20730457	-0.30205148	-0.21993345	-0.06093535	-0.23450783	-0.28737402	-0.29713282	0.18046837	-0.22254488
0.2243949	-0.30073547	0.22862443	-0.2576751	-0.2405806	-0.23844697	0.22727178	-0.20063053	-0.27562585	-0.2440061	-0.15375647	-0.28019232	-0.25750083	-0.2818726	0.19814138	-0.29181588
-0.069076255	-0.11872193	-0.028814018	-0.112094425	-0.04710487	-0.039924823	0.007997751	0.04829562	-0.079542555	-0.041524734	0.28036702	-0.035080716	-0.1161487	-0.008359124	-0.0150316125	-0.0039650714
0.04635838	-0.1529761	0.013791646	-0.13013408	-0.043608155	-0.112879574	0.101738684	-0.109323926	-0.104120895	-0.038223613	0.0067483746	-0.069649264	-0.121350355	-0.06059222	0.04113279	-0.06298104
-0.1653626	-0.023499334	-0.13821407	-0.11201362	0.049409773	-0.00794952	-0.037346173	0.1157083	-0.046052765	0.04236635	0.28454462	0.006431789	-0.03199612	-0.021491317	-0.09624118	-0.04538544
-0.0023972434	-0.14419182	-0.008790509	-0.1352909	-0.05483078	-0.13088158	0.05666512	-0.033373654	-0.055424273	-0.095405184	0.087979496	-0.084112965	-0.14652376	-0.041058086	0.027674338	-0.05173542
-0.3968929	0.47671157	-0.43538117	0.48400426	0.38939047	0.41303056	-0.4341917	0.36342847	0.47223213	0.46897814	0.36826494	0.45946994	0.43317118	0.44412237	-0.43930173	0.44658494
-0.16347563	0.13999818	-0.06539275	0.08905742	0.07375164	0.11475706	-0.107926935	0.089054614	0.09761488	0.09402483	0.2223792	0.0792835	0.09912605	0.12005004	-0.080772236	0.08215274
0.407027	-0.73107475	0.5081354	-0.7414799	-0.7148211	-0.7000805	0.7022274	-0.5224583	-0.66367686	-0.7239291	-0.107610345	-0.5850282	-0.7322762	-0.73877466	0.5981118	-0.6556488
-0.032817934	-0.18220198	0.09261323	-0.13288756	-0.08224084	-0.16275747	0.11810347	-0.044157136	-0.14996892	-0.068036884	0.11401982	-0.11679506	-0.1254979	-0.094589956	0.028407717	-0.14473909
0.035353553	-0.07983837	0.07919576	-0.10027265	-0.0878184	-0.105350465	0.046550605	-0.041393265	-0.07169596	-0.062668726	0.069307536	-0.05031539	-0.14709139	-0.056127135	0.07844811	-0.061785728
-0.098988876	0.12214493	-0.03960304	0.058825072	0.052172873	0.048073307	-0.109977044	0.10598882	0.05468474	0.13330235	0.1380385	0.070912585	0.11952577	0.07416845	-0.0842807	0.06644878
-0.34577176	0.3380887	-0.36701888	0.33063203	0.3469511	0.4017864	-0.4215027	0.41182193	0.36888117	0.38581827	0.3749336	0.3278908	0.36392057	0.37462464	-0.34328973	0.3520037
0.09488163	-0.15484004	0.102584496	-0.2541735	-0.11870986	-0.16318822	0.15866719	-0.08384086	-0.20745343	-0.12618516	0.037966605	-0.10110933	-0.17787226	-0.22034845	0.0909242	-0.15515836
0.8737101	-1.1937081	1.0060743	-1.3252689	-1.1795756	-1.1971983	1.2082194	-0.97017026	-1.2588952	-1.1610224	-0.38543975	-1.1289046	-1.3025059	-1.2287139	1.0568061	-1.1671417
-0.3366253	0.23942865	-0.23600262	0.17683476	0.22521906	0.28878796	-0.30094695	0.2679969	0.22854249	0.2640038	0.3538599	0.23374963	0.26252946	0.22531542	-0.27608803	0.22991543
0.16093414	-0.33568665	0.22544293	-0.34145308	-0.33274037	-0.30510426	0.30981976	-0.19383216	-0.28098994	-0.30005375	0.018405043	-0.24440251	-0.34965676	-0.28781298	0.185532	-0.32846642
-0.69117695	0.75473475	-0.7533701	0.85751146	0.7482425	0.77072245	-0.8409832	0.6966484	0.7593981	0.81565785	0.7265008	0.7752072	0.827496	0.846864	-0.7679403	0.8031964
0.052292187	-0.22048214	0.113209024	-0.26725	-0.17295076	-0.21037328	0.14819807	-0.062121574	-0.21792075	-0.18218109	0.05068668	-0.122627586	-0.27511677	-0.15480039	0.1065888	-0.17908092
0.06573405	-0.09911245	0.027105523	-0.1220584	-0.063493036	-0.050464585	0.08306711	-0.071079396	-0.12211073	-0.045221064	-0.0065845833	-0.07614542	-0.10833913	-0.11947828	0.01582911	-0.11939731
-0.21819226	0.1998228	-0.20203994	0.16729578	0.12716167	0.15886204	-0.16352333	0.18540135	0.20409977	0.16861756	0.2514866	0.14039972	0.14330688	0.17812304	-0.13525647	0.19048582
0.9008205	-1.0614412	0.8925536	-1.0339658	-1.0309845	-1.0857179	1.0457523	-0.8982051	-1.0775017	-1.0275651	-0.6372458	-0.9308582	-1.05549	-0.9941897	0.8983786	-0.96915424
-0.009854913	0.017531129	0.04057813	0.04429333	0.04304698	0.020306468	0.0014851649	0.04493606	-0.02692952	-0.0035222415	0.073287375	-0.012580373	0.0041887215	-0.0005918412	0.0049563707	0.033769164
-0.18614747	0.10796537	-0.14052232	0.0742201	0.0949843	0.14202084	-0.1312643	0.13157448	0.07739728	0.15571007	0.24437341	0.16692269	0.13575286	0.1282159	-0.09093411	0.0862697
0.09287438	-0.23482235	0.07554601	-0.24619171	-0.22677353	-0.1884057	0.16891946	-0.089360796	-0.23360159	-0.23287599	0.08568425	-0.14704117	-0.2677972	-0.23343858	0.11430551	-0.24357693
0.25577146	-0.32108125	0.32966214	-0.3598189	-0.29397485	-0.39551538	0.36041158	-0.2699399	-0.34469503	-0.38430676	-0.11038816	-0.32908827	-0.35247022	-0.34175855	0.32148156	-0.3312631
-0.13890284	0.06704566	-0.08749231	0.07906806	0.07854963	0.056657992	-0.15194716	0.10062187	0.043535925	0.10052389	0.13389301	0.1080531	0.07429841	0.049932055	-0.1431917	0.104271136
-0.1812068	0.069746055	-0.1256449	0.011788471	0.086953245	0.032355312	-0.0623706	0.08732201	0.06070884	0.105079025	0.24803922	0.05088089	0.0013386309	0.07633048	-0.12184051	0.06526382
-0.18201543	0.1428964	-0.10235493	0.09950535	0.15751395	0.124107145	-0.1557479	0.11207608	0.11024413	0.15713516	0.17130183	0.08839943	0.15706743	0.09857944	-0.10781067	0.16888523
-0.26932847	0.19562396	-0.25277847	0.19590433	0.23689923	0.23628385	-0.27942193	0.27066216	0.2492308	0.25301516	0.22930019	0.22965586	0.25894746	0.24046707	-0.24843235	0.26256964
-0.42462578	0.340945	-0.41145423	0.3211561	0.33391446	0.32160982	-0.4067211	0.36530548	0.35710445	0.35431686	0.4278155	0.33458298	0.298583	0.3896009	-0.39395478	0.3404433
-0.34166533	0.30937508	-0.33370197	0.34672248	0.32597378	0.29832667	-0.30128628	0.31138915	0.32980612	0.344763	0.2857222	0.2814526	0.29959488	0.32913822	-0.3261174	0.30855882
0.022990895	-0.17088345	0.11012848	-0.26126316	-0.23610026	-0.19233255	0.23706034	-0.09550353	-0.2254115	-0.2249876	0.08545125	-0.18017535	-0.19611327	-0.19993913	0.085013635	-0.22030023
-0.44988585	0.45957226	-0.5299186	0.45868078	0.4960399	0.46359462	-0.49986228	0.43250835	0.48686013	0.5345671	0.5134824	0.44825667	0.5331581	0.50847614	-0.51713216	0.4595968
-0.5851933	0.6861771	-0.63748586	0.6990933	0.6321878	0.6363179	-0.72786933	0.6296854	0.6493337	0.66869664	0.56835455	0.6334695	0.6542808	0.62082237	-0.64315057	0.59665614
-0.3981798	0.44029844	-0.39902422	0.391795	0.35127294	0.45082864	-0.37641308	0.37815654	0.38972312	0.36586642	0.34719673	0.346704	0.38258588	0.40266144	-0.42115152	0.429624
0.42028704	-0.5900698	0.50835735	-0.53613186	-0.47273672	-0.5209205	0.53312904	-0.44103503	-0.4851926	-0.5521177	-0.3665336	-0.50950116	-0.53052557	-0.51998985	0.4429033	-0.5352774
0.124459125	-0.24506603	0.2051189	-0.33258882	-0.32568544	-0.29143155	0.303354	-0.18331936	-0.28460154	-0.28683567	-0.076086454	-0.23391443	-0.32010463	-0.32046416	0.18689221	-0.24474683
-0.20479488	0.13448727	-0.08948928	0.1467712	0.17065768	0.088364795	-0.09577838	0.16037649	0.075270526	0.16346242	0.21468373	0.17197946	0.15237944	0.117250405	-0.1178114	0.080548786
0.7506476	-1.066827	0.85960245	-1.0910478	-1.0467627	-1.1080313	1.0751786	-0.8450802	-1.0665486	-1.0588185	-0.38250408	-0.93728924	-1.0807747	-1.0607129	0.87984455	-0.9915785
-0.21667828	0.12161319	-0.18999007	0.18458764	0.15254492	0.2156231	-0.18102264	0.1840708	0.21482863	0.15366364	0.28891724	0.18651892	0.12728144	0.2147364	-0.16900107	0.11993629
-0.05764751	0.0687213	-0.057686046	0.04935358	0.040507704	0.02191398	-0.12118765	0.05350618	0.033103146	0.061641634	0.12054209	0.029941078	0.10619648	0.094745375	-0.051202666	0.1070202
0.89834505	-1.1189879	0.94423664	-1.1742752	-1.0948588	-1.1078198	1.0820615	-0.90584755	-1.094301	-1.0287725	-0.5499756	-0.9859051	-1.1147219	-1.0397761	0.9111153	-1.0902928
-0.07338127	0.13328567	-0.09440935	0.110898905	0.06590322	0.11508936	-0.06567597	0.08119206	0.0977977	0.08197877	0.12954143	0.12373845	0.086530276	0.13503602	-0.13955845	0.105571575
-0.32166642	0.30595592	-0.29067764	0.2450221	0.2562622	0.30191278	-0.29270658	0.31063825	0.2824438	0.22204961	0.229833	0.22848001	0.26804295	0.30470955	-0.27744976	0.24479479
-0.54729164	0.57890636	-0.47510752	0.5632998	0.53934145	0.5116391	-0.5439167	0.5242538	0.56857014	0.49596775	0.49120328	0.5328268	0.51595396	0.5918297	-0.4993839	0.5651581
0.54946077	-0.7166393	0.6038689	-0.72258323	-0.6388205	-0.68080205	0.68271154	-0.61184025	-0.6645779	-0.6325985	-0.36934373	-0.5898527	-0.6842917	-0.6515866	0.6079448	-0.65441793
-0.18371105	0.22789252	-0.2536205	0.25201103	0.2312112	0.21842393	-0.26253566	0.2470098	0.22095233	0.16003178	0.28064716	0.15991056	0.18044828	0.2053909	-0.18152796	0.1592609
0.239533	-0.29854977	0.2793325	-0.34592822	-0.2654883	-0.3115073	0.31742606	-0.2764854	-0.2980768	-0.28915784	-0.1428982	-0.31074357	-0.3358415	-0.30027556	0.28529233	-0.3536131
-0.4352717	0.37935144	-0.41184133	0.42427874	0.43870863	0.36990196	-0.44191912	0.3489925	0.44854853	0.4328512	0.37633225	0.41880628	0.4353579	0.43618694	-0.39750972	0.38489127
-0.10529961	-0.012597071	-0.09209233	0.035742417	0.07677368	-0.013994062	-0.072626606	0.022791604	0.06849451	-0.005175933	0.121697955	0.040527448	0.04124395	0.011985282	-0.04931756	0.009772981
-0.14407922	0.027758986	-0.12598744	0.06266183	0.050523825	0.1113437	-0.13281386	0.06893139	0.078719616	0.113595344	0.13290119	0.08003985	0.07514696	0.039835602	-0.09130446	0.077668555
-0.6784463	0.7449836	-0.6956179	0.706038	0.66779643	0.745993	-0.77426845	0.71755993	0.7472747	0.73894316	0.6162142	0.7094604	0.7429439	0.7416068	-0.6681373	0.7417202
-0.28676918	0.30477574	-0.34461203	0.28676784	0.3438254	0.28844345	-0.3426049	0.33265913	0.32532004	0.34401402	0.29052442	0.27313837	0.29489887	0.36209667	-0.3045266	0.28789848
0.93956804	-1.1747769	1.013863	-1.1742355	-1.0869768	-1.137938	1.1710818	-0.97071165	-1.1157985	-1.1040891	-0.7660891	-1.0594214	-1.220228	-1.179894	1.0322398	-1.1130736
0.3775034	-0.7051898	0.4850001	-0.7571475	-0.69821835	-0.6806287	0.6456262	-0.42961612	-0.7216266	-0.6874787	-0.059370715	-0.6005341	-0.74005985	-0.68331325	0.49014968	-0.666949
-0.010599799	-0.15151227	0.08202016	-0.17651595	-0.11382399	-0.18771005	0.10967555	-0.10383657	-0.15705504	-0.18070087	0.076854855	-0.081228286	-0.21131672	-0.108205914	0.051584795	-0.16428977
-0.21578826	0.14146595	-0.17306758	0.18692765	0.20992403	0.14543371	-0.16951177	0.1745724	0.15700543	0.14648767	0.20478174	0.213859	0.13634515	0.20608555	-0.16392267	0.13321759
0.14430715	-0.2377665	0.17797214	-0.18805984	-0.18575384	-0.20497863	0.18672813	-0.17302029	-0.11934752	-0.19054668	-0.021708043	-0.18289435	-0.17978492	-0.18924402	0.14693584	-0.13332796
-0.05222537	-0.20075852	-0.011289423	-0.12894136	-0.08859365	-0.1623127	0.16825712	-0.011889132	-0.108980276	-0.109170265	0.15122168	-0.10851904	-0.10448866	-0.10758587	0.02400279	-0.087613225
-0.26963624	0.2966003	-0.31860477	0.25838068	0.32456872	0.26543042	-0.25894675	0.29140198	0.27784237	0.30679435	0.3197941	0.3245621	0.32879144	0.27385595	-0.28211477	0.28955555
-0.22486499	0.19953781	-0.2619978	0.3017088	0.28650257	0.28033912	-0.3011665	0.23670834	0.26488492	0.29856104	0.22020182	0.20324841	0.23513593	0.21266797	-0.2748849	0.22956349
0.4307132	-0.6407247	0.5591329	-0.6314348	-0.5281027	-0.5992546	0.5647529	-0.5004804	-0.6090903	-0.54426736	-0.3163539	-0.50586677	-0.6005126	-0.55047894	0.46211845	-0.5246226
-0.12572606	0.15989406	-0.15359175	0.19041923	0.18353756	0.16265848	-0.17736048	0.13037021	0.13484709	0.19839258	0.20533812	0.10457139	0.13621365	0.14198576	-0.18481971	0.13426466
0.011236056	-0.11331604	0.051036388	-0.12989077	-0.06625126	-0.13486154	0.102864906	-0.087399	-0.15739639	-0.06635779	0.028302483	-0.1293706	-0.1373259	-0.14367568	0.086435676	-0.14131501
0.22525331	-0.25113234	0.1834494	-0.2451871	-0.24629286	-0.2219461	0.27870065	-0.18360913	-0.29037082	-0.23401754	-0.052273296	-0.20684214	-0.27616286	-0.24707003	0.23444536	-0.20442575
-0.08025615	0.10187298	-0.038729858	0.12106747	0.12152025	0.104121506	-0.11472618	0.1249113	0.11712186	0.12916963	0.14492851	0.09974159	0.0711434	0.085810035	-0.07702562	0.08211609
0.15965205	-0.17752033	0.1490067	-0.22611003	-0.193706	-0.15572652	0.21619685	-0.0872151	-0.14640234	-0.16229008	-0.09493908	-0.1187582	-0.17345254	-0.15683918	0.12752217	-0.20904934
0.09744434	-0.20376855	0.13492432	-0.15502918	-0.10037097	-0.17659812	0.12787601	-0.11849888	-0.18130653	-0.15794645	-0.110694826	-0.14320953	-0.18765458	-0.15802547	0.14093535	-0.14795089
-0.25180864	0.26425758	-0.21169348	0.22646038	0.21681727	0.27098355	-0.2862689	0.22846587	0.20753211	0.22958897	0.19225726	0.24025609	0.20146385	0.2507817	-0.1970683	0.18993847
-0.1790296	0.101304226	-0.098405756	0.11049341	0.12717612	0.15990782	-0.17151281	0.16014506	0.1016965	0.14760977	0.20808992	0.14117002	0.07557279	0.10140702	-0.12554578	0.084880516
-0.5126519	0.6111186	-0.55800444	0.6501118	0.5537975	0.6202484	-0.6122854	0.50997806	0.5924894	0.53416103	0.5387987	0.5594534	0.6363007	0.61178315	-0.5877448	0.56880134
-0.28267315	0.046512347	-0.18683624	0.061251283	0.12665561	0.119657956	-0.14044777	0.20621338	0.15290463	0.11124631	0.35459474	0.14347653	0.06052019	0.13734587	-0.19791475	0.071766734
-0.30846384	0.250125	-0.23925854	0.13647492	0.22998811	0.17861016	-0.23498714	0.32626486	0.2519297	0.23203106	0.37545446	0.1949013	0.17584892	0.26744923	-0.21640669	0.21931048
-0.09963257	-0.026611526	-0.016442595	-0.065484956	-0.07199681	-0.012321482	0.027058685	0.028416801	-0.019771129	-0.019422052	0.23445503	-0.018539315	-0.055919282	-0.019933106	-0.041723207	-0.06550458
-0.08141522	0.10716228	-0.13056557	0.15925652	0.12313219	0.07155669	-0.13501741	0.15695742	0.12123519	0.15436724	0.11775599	0.07668048	0.05605304	0.1494444	-0.17774265	0.14761402
0.023782562	-0.06551448	0.025769323	-0.02623414	-0.06691543	-0.09626566	0.070898935	-0.0502564	-0.08279664	-0.07241079	-0.015394004	-0.07407142	-0.03213964	-0.027626552	0.0116340555	-0.051765468
0.18706727	-0.31631446	0.20606649	-0.24783999	-0.24826035	-0.23338184	0.28787538	-0.19738397	-0.25746572	-0.22972247	-0.005223141	-0.17973235	-0.317023	-0.29131627	0.16906348	-0.21598797
-0.99309313	1.1297836	-0.98813295	1.1198034	1.1065508	1.1007981	-1.1893253	0.97554404	1.0919164	1.1185187	0.9060919	1.0674609	1.1004883	1.085671	-0.999785	1.0665591
-0.26185277	0.21926785	-0.27515984	0.29800677	0.29106706	0.29423133	-0.23709525	0.26729158	0.30942893	0.296028	0.34434992	0.23730093	0.30145407	0.29423237	-0.24151903	0.28157997
-0.09475384	0.0009561206	-0.08156142	-0.08713633	0.04000467	0.036100645	0.029277828	0.031997733	-0.038389646	0.019149555	0.2003845	0.00859055	-0.072221465	-0.030391078	0.00035773558	-0.028216217
-0.9527858	1.0839062	-0.9665968	1.1022182	0.96083266	1.0732048	-1.0464462	0.97328305	1.0127143	0.9810536	0.85258603	0.9918433	1.0634181	1.0512683	-0.97321546	1.0320582
-0.19647728	0.14279069	-0.1991465	0.2222155	0.15154555	0.14671154	-0.15561621	0.14340807	0.15333804	0.17431828	0.17752676	0.17488007	0.17859899	0.2341784	-0.13351095	0.16525923
-0.09554511	0.09273623	-0.09245676	0.10386162	0.10734516	0.06643537	-0.061049566	0.14795744	0.07007654	0.08283511	0.10582788	0.10404025	0.05557331	0.108931035	-0.09904864	0.075888835
-0.1271651	0.07068119	-0.09897154	0.048003003	0.033112403	0.106773764	-0.101596564	0.14870732	0.014249161	0.029004863	0.22214043	0.06862502	0.03684192	0.048058234	-0.15011781	0.05328573
-0.8056136	0.9172044	-0.8486836	0.9744338	0.9147228	0.93433565	-0.9495294	0.78110677	0.87398225	0.91436934	0.7536362	0.8829235	0.9170671	0.953288	-0.7849767	0.91588134
0.17562956	-0.28467917	0.19658712	-0.28385943	-0.27023232	-0.29018572	0.24987967	-0.18066685	-0.25610846	-0.21229002	-0.09967225	-0.22821549	-0.24372819	-0.19581677	0.23682816	-0.2582907
-0.65922195	0.76498204	-0.69163305	0.80771744	0.70475316	0.7903061	-0.8007812	0.691224	0.77249694	0.7070066	0.63616055	0.6945258	0.7993478	0.6982329	-0.68082225	0.7183426
-0.12630524	0.13288297	-0.13379055	0.035631686	0.076188475	0.07576784	-0.085205406	0.108751155	0.090900585	0.12678218	0.26209518	0.09293098	0.076058954	0.13105078	-0.120458536	0.08502138
0.028534574	-0.23017144	0.12746975	-0.17807306	-0.15913503	-0.1542541	0.22883852	-0.14478302	-0.1496741	-0.12386256	0.014537522	-0.12475339	-0.21190614	-0.17591378	0.118248634	-0.17326018
0.9544488	-1.1161464	0.9752127	-1.1770755	-1.100813	-1.1279898	1.1766703	-0.97444874	-1.1377848	-1.1158322	-0.7632379	-1.062627	-1.1259435	-1.1446923	0.97899586	-1.044324
-0.8473726	1.0028913	-1.0035226	0.9571968	0.9576219	1.00648	-0.99997133	0.86830336	0.9861964	0.8918068	0.84258544	0.87673205	1.0086799	0.90169865	-0.9280904	0.94370246
-0.22793925	0.21274248	-0.24261194	0.24347094	0.23793249	0.22528405	-0.22228235	0.19208157	0.18201254	0.19469853	0.2412897	0.18472783	0.26549125	0.28894293	-0.2271502	0.22761348
-0.3369371	0.38396746	-0.39558905	0.39180958	0.3559037	0.40147844	-0.44279602	0.41647905	0.39447585	0.34023446	0.44140598	0.35424727	0.37806636	0.41476315	-0.41977936	0.3296772
0.6358189	-0.7968546	0.65918416	-0.8874552	-0.7466677	-0.8061641	0.8797726	-0.6508689	-0.8409758	-0.7911255	-0.45534658	-0.68459547	-0.84884	-0.7613352	0.6572801	-0.7914726
-0.43928844	0.49475053	-0.49057782	0.5891607	0.5224863	0.5315624	-0.504837	0.4689991	0.55119497	0.48124993	0.45738205	0.49280784	0.590041	0.49259654	-0.46371824	0.46718165
-0.49730042	0.51973397	-0.40555984	0.5401155	0.50154936	0.5045064	-0.49215826	0.48904905	0.5034444	0.47601116	0.37307206	0.4753697	0.50200963	0.47907588	-0.4183826	0.478398
0.03203719	-0.11886169	0.088980205	-0.09303835	-0.06694409	-0.11772363	0.14253673	-0.039775874	-0.11313068	-0.07194136	0.010884505	-0.06351106	-0.053128187	-0.065440044	0.107219025	-0.084416464
0.25439706	-0.291261	0.25751024	-0.32720703	-0.27951312	-0.25992718	0.2331158	-0.20334888	-0.29757124	-0.3144325	-0.17761157	-0.26991612	-0.2830631	-0.25271526	0.26870796	-0.24163593
0.24560599	-0.32644612	0.23108642	-0.2784084	-0.32738343	-0.3414118	0.3009988	-0.256044	-0.3059448	-0.30652615	-0.10395804	-0.2825546	-0.34570435	-0.32217905	0.20818457	-0.2391125
-0.13069847	0.0127815455	-0.12894894	0.06138903	0.048396293	0.105064034	-0.041670118	0.06654736	0.114933364	0.11964046	0.17722641	0.045287617	0.057606503	0.07174414	-0.05554924	0.09862571
-0.07222197	0.021565974	0.018268107	-0.065974616	-0.0200387	-0.022387903	0.016480891	-0.0143093495	-0.013833783	0.024713783	0.11713719	0.043887794	0.015969457	0.012651102	0.007821178	0.021435184
0.30765226	-0.6307095	0.40973374	-0.612566	-0.57396567	-0.53811127	0.6218269	-0.37061962	-0.5726153	-0.50876427	-0.1769913	-0.5415106	-0.57588917	-0.5312469	0.48837742	-0.5925056
-0.0699472	0.07367199	-0.01866217	0.06918667	0.019539777	0.038964927	-0.07530249	0.05411543	-0.0067278594	0.012688167	0.041688338	0.006490147	-0.0036118394	0.089084834	-0.06397737	0.007547327
-0.42268783	0.48472625	-0.46542543	0.4967834	0.46888444	0.47225204	-0.46222275	0.37161985	0.4453582	0.42725512	0.3435422	0.41012993	0.42766407	0.48403227	-0.39225554	0.49203855
0.31335503	-0.27287123	0.32567137	-0.3392125	-0.32946518	-0.3241307	0.3208327	-0.30229104	-0.26180187	-0.30126387	-0.25275588	-0.2918172	-0.3065021	-0.341826	0.25187245	-0.26677573
0.26470107	-0.2787759	0.29557905	-0.2488395	-0.2700179	-0.25383484	0.26917198	-0.22754927	-0.25191098	-0.23172995	-0.22221862	-0.26346323	-0.23696539	-0.25375578	0.22558868	-0.2226166
-0.8297796	0.9648662	-0.9269127	0.9915931	0.9598976	0.9548264	-0.97807634	0.84322476	1.0025343	1.0178456	0.79218686	0.8810366	1.0466012	0.99145544	-0.83641976	0.94382966
0.47337604	-0.66064906	0.50437236	-0.59998757	-0.61119586	-0.62849545	0.6386098	-0.51704955	-0.6225111	-0.58648616	-0.26491085	-0.55983126	-0.66142994	-0.58229923	0.5096312	-0.6108368
0.16150595	-0.32375273	0.20925613	-0.31492686	-0.23474815	-0.2468167	0.27070636	-0.21897641	-0.24642244	-0.27411708	-0.032953627	-0.2760609	-0.2966073	-0.2556474	0.23888682	-0.22692977
-0.9236752	1.0991726	-1.0149413	1.1452868	1.021538	1.1079131	-1.0770075	0.9902818	1.0206722	1.1031886	0.864742	1.0600288	1.1399045	1.0770811	-0.93682647	1.0800699
0.27092952	-0.3472234	0.3176989	-0.4232863	-0.3655348	-0.32289842	0.36416504	-0.24413419	-0.30547652	-0.37499645	-0.18447635	-0.31026453	-0.33630043	-0.344276	0.26460177	-0.3376104
0.65801156	-0.69347674	0.62223166	-0.78235734	-0.67392415	-0.71055233	0.72523266	-0.6868791	-0.72494996	-0.7170696	-0.5546969	-0.72134703	-0.7642294	-0.69966286	0.6633832	-0.6895946
-0.0033507277	0.078208104	-0.07840937	0.045701645	0.023493376	0.067195944	-0.004819963	0.033794012	0.027177712	0.044764236	0.043773424	0.022231834	0.04102117	0.010468039	-0.022750799	0.08209024
0.23526879	-0.35325813	0.2658716	-0.43233618	-0.34348568	-0.39710644	0.33951762	-0.2736941	-0.34870273	-0.33641902	-0.20597331	-0.32019746	-0.33791438	-0.3988941	0.30530003	-0.33661962
-0.05292373	0.014323733	0.029060505	0.05160293	0.0616994	0.03388822	-0.012852848	0.015024329	0.030407233	0.004118196	0.07259091	0.054056928	-0.028481742	0.012587439	0.0079065785	0.04377265
-0.120678306	0.032001235	-0.054816958	0.04767016	0.04307754	0.10585692	-0.03945158	0.06192496	0.051366463	0.046923317	0.14030811	0.0472026	0.08557483	0.07748552	-0.053197555	0.06425606
0.32965702	-0.44194934	0.3600323	-0.38571593	-0.38574386	-0.3987745	0.34721985	-0.29544267	-0.38089895	-0.32627305	-0.20273374	-0.36242488	-0.3828919	-0.42280155	0.28109112	-0.41772383
-0.26098827	0.30365682	-0.2471457	0.24954443	0.23110926	0.24921913	-0.25522587	0.28388616	0.21929233	0.29407755	0.30716547	0.2879327	0.27430052	0.30025193	-0.26334465	0.22100954
0.54497176	-0.7187697	0.6221684	-0.6554714	-0.6017469	-0.6310723	0.6762827	-0.6058532	-0.6114643	-0.6278573	-0.46552253	-0.656058	-0.7304165	-0.6991381	0.6017006	-0.691043
-0.068891615	-0.08198495	-0.0571355	-0.008636806	-0.055210266	-0.022177728	0.03552731	0.055755652	-0.04240041	0.0013600978	0.16436584	0.02211227	-0.054750018	-0.066252194	-0.057043787	-0.040287886
0.10643546	-0.121023424	0.1898872	-0.17917587	-0.13384041	-0.1572014	0.16839384	-0.11306048	-0.1366943	-0.14946772	-0.06231767	-0.10220971	-0.21430454	-0.15288098	0.09666309	-0.13728333
0.27759343	-0.32179072	0.3418771	-0.32882094	-0.3407784	-0.37961477	0.32774273	-0.3072578	-0.34591007	-0.3293484	-0.2550602	-0.28553602	-0.35824025	-0.33639345	0.34675935	-0.35842213
-0.39788288	0.37122145	-0.36094525	0.42989084	0.40395176	0.363907	-0.41004774	0.3971211	0.43059903	0.42235717	0.29246816	0.33030698	0.4217139	0.38964498	-0.3751514	0.38822234
-0.18184185	0.1463586	-0.12620929	0.16937621	0.099726714	0.17537066	-0.1508304	0.17771919	0.1459963	0.18544678	0.19140528	0.16784716	0.18435824	0.12658276	-0.10233388	0.1440969
0.047574464	-0.01804289	0.076019906	-0.051085766	-0.066116534	-0.06832952	0.051279012	0.0058189356	-0.07087851	-0.070350185	0.064507216	-0.009143125	-0.044955608	-0.07799949	0.0362679	-0.019622482
0.13112554	-0.07218641	0.04947339	-0.14986531	-0.06120208	-0.11988622	0.06634418	-0.10193677	-0.14608671	-0.1092475	-0.01567984	-0.09401438	-0.098049425	-0.08598909	0.07234651	-0.058121018
-0.56318474	0.62619025	-0.6647611	0.6882485	0.64056706	0.70485663	-0.65223205	0.6204087	0.63409626	0.6433378	0.50431746	0.61328804	0.66962487	0.6837331	-0.6043985	0.6612934
0.44931415	-0.7220243	0.5479874	-0.7556576	-0.69666725	-0.6711272	0.6488973	-0.49153444	-0.63608694	-0.70621103	-0.23227018	-0.60612077	-0.7253639	-0.6953504	0.55232686	-0.6322822
-0.116735674	0.11757783	-0.061582193	0.11079049	0.113712914	0.12593709	-0.08792414	0.1582137	0.10130893	0.09189578	0.058716424	0.109344594	0.13761342	0.111717656	-0.080464564	0.15121375
-0.30201814	0.35557583	-0.29490608	0.36700645	0.34907034	0.28507823	-0.35690358	0.3700766	0.30157852	0.3055632	0.34980658	0.30192575	0.33453268	0.32803717	-0.27725238	0.36196497
0.0467417	-0.07603441	0.06947284	-0.010255718	-0.06322413	0.0038930224	0.020269493	0.01683379	-0.07785496	-0.085059635	-0.009360059	-0.051754624	-0.084471054	-0.07912153	0.019089185	-0.07133293
-0.28080368	0.24959633	-0.28590077	0.20004421	0.2503587	0.29498962	-0.25918317	0.2998837	0.23762275	0.23932135	0.3442526	0.21584946	0.23427635	0.24295606	-0.27994987	0.24871908
-0.5601485	0.65137863	-0.5984268	0.67826396	0.6238807	0.6697566	-0.6449104	0.5899653	0.61597615	0.6803629	0.49925962	0.5674985	0.7198198	0.67821485	-0.6205941	0.6644735
0.10304243	-0.14005859	0.09141486	-0.16481182	-0.1255793	-0.16536355	0.113654554	-0.12745118	-0.15346879	-0.071092114	-0.09061156	-0.1626519	-0.11317593	-0.15143026	0.09080727	-0.15648718
-0.6017169	0.6296446	-0.56960773	0.63669884	0.6482379	0.64638364	-0.60920817	0.5349108	0.5796794	0.5583914	0.53495896	0.534478	0.589974	0.60743237	-0.56997925	0.62473613
-0.2258815	0.224358	-0.20782353	0.19795789	0.22682117	0.17231327	-0.27678862	0.20225227	0.24787109	0.25295514	0.21541896	0.21928747	0.19177109	0.19935763	-0.22892033	0.2217193
0.104747124	-0.1262011	0.12516046	-0.1800108	-0.17575885	-0.108928956	0.09861687	-0.124098025	-0.18108077	-0.15479715	-0.020037513	-0.06844724	-0.1490555	-0.15241972	0.120963305	-0.12619796
0.10415704	-0.2199647	0.18292858	-0.28291264	-0.19916196	-0.18548287	0.16405149	-0.15011485	-0.19233781	-0.2285579	0.004993756	-0.18438178	-0.2566062	-0.23641868	0.12561862	-0.20110488
-0.25058973	0.20234282	-0.22306389	0.27227676	0.2599838	0.27535066	-0.18788694	0.26533452	0.24237388	0.25054348	0.26582772	0.21654372	0.20856316	0.24988987	-0.16496265	0.2371796
0.24127953	-0.26982352	0.28028923	-0.27582785	-0.25590858	-0.30455327	0.28237197	-0.20952345	-0.2510229	-0.2217504	-0.10332696	-0.19269611	-0.29840022	-0.26420784	0.22489141	-0.28409475
0.18592443	-0.20147294	0.27310365	-0.26186603	-0.24634258	-0.23447625	0.22318083	-0.2624539	-0.22109269	-0.26017544	-0.16781212	-0.19803259	-0.2833916	-0.20105897	0.26988685	-0.22295283
-0.31257975	0.25603965	-0.26500595	0.3467978	0.30041808	0.34386364	-0.33801633	0.26244482	0.29496387	0.24939325	0.2981276	0.3230754	0.26284266	0.29115456	-0.28760046	0.26935712
-0.0039104098	-0.15043809	0.022121511	-0.12388406	-0.065361574	-0.04421541	0.06928594	-0.08540469	-0.10901489	-0.1260573	-0.008074632	-0.027105745	-0.12351371	-0.062696286	0.07400741	-0.09553847
0.06507745	-0.1245833	0.13917755	-0.12001615	-0.16545755	-0.14049768	0.18295908	-0.11917156	-0.12527907	-0.09752753	-0.062098492	-0.13804616	-0.20596524	-0.092668824	0.06714567	-0.11952504
-0.2617042	0.1629375	-0.2513109	0.14347386	0.23125044	0.20679133	-0.17798452	0.3121739	0.17595921	0.21951668	0.35578257	0.25427228	0.17753477	0.21675695	-0.20341901	0.17873703
-0.40635818	0.4147492	-0.42532355	0.35225856	0.39844605	0.42968896	-0.40201014	0.42775947	0.36218426	0.44438195	0.32260334	0.3422951	0.42987186	0.37039077	-0.40654406	0.3971547
0.44145688	-0.47411627	0.49689966	-0.55632627	-0.42571718	-0.4427686	0.54886866	-0.46179816	-0.46977073	-0.5202005	-0.34939963	-0.4748267	-0.47136313	-0.4351381	0.46458322	-0.42698297
-0.89102995	0.9092234	-0.88153523	0.9440989	0.955645	0.9794236	-0.96065795	0.9181658	0.99191517	0.94342256	0.764485	0.94523036	0.97394484	0.9766524	-0.9100716	0.94299436
-0.2558639	0.16618341	-0.21878451	0.19396004	0.26414365	0.28114045	-0.2622315	0.21984974	0.24999402	0.27937192	0.30590326	0.23131312	0.23579796	0.2801728	-0.19820696	0.2450647
-0.5190431	0.47393706	-0.5549825	0.5147106	0.46881402	0.4879435	-0.49931234	0.5136213	0.5301296	0.4696943	0.4688918	0.45558164	0.5083802	0.46692288	-0.5366538	0.5258533
0.67950654	-0.8792541	0.77603483	-0.9525316	-0.86153495	-0.9329199	0.8918139	-0.72006434	-0.9357775	-0.83822197	-0.5440575	-0.81414783	-0.9384997	-0.8932569	0.75511974	-0.89517444
-0.22478011	0.19301486	-0.1774227	0.25883493	0.1713804	0.195902	-0.15631674	0.1199473	0.1778563	0.22239514	0.14110586	0.20133327	0.22181794	0.20890798	-0.19483347	0.22953358
-0.22478484	0.30332246	-0.321546	0.26309383	0.30947307	0.2836887	-0.31180796	0.30728585	0.28853533	0.32872987	0.28522035	0.27668038	0.31679344	0.3285762	-0.32804132	0.33709663
-0.5868884	0.668114	-0.6032511	0.6772699	0.5880408	0.65070945	-0.61638284	0.5721756	0.66527355	0.5950604	0.5243098	0.59084314	0.6420553	0.64641947	-0.5437276	0.5922453
0.032903817	-0.31276885	0.0629414	-0.3631503	-0.26272237	-0.26208812	0.19563273	-0.121363856	-0.24510446	-0.2569959	0.1616518	-0.16257478	-0.31239384	-0.2918499	0.11592126	-0.22750977
-0.04457253	-0.02879451	0.04069066	-0.058027416	-0.019074298	-0.062274665	0.045253035	-0.033461157	-0.052466143	-0.058757406	0.01069343	-0.040248614	-0.010751488	-0.022762464	-0.012602913	-0.08093504
-0.47556165	0.4988426	-0.4250622	0.5027423	0.41650933	0.44601187	-0.51167184	0.39034188	0.46005657	0.4817238	0.4092415	0.45803735	0.4794795	0.44669124	-0.44884762	0.4578553
0.25035918	-0.3762169	0.28173682	-0.3319781	-0.32201523	-0.2735611	0.33686188	-0.27441955	-0.28768656	-0.35969883	-0.18068573	-0.30366203	-0.28043872	-0.27578577	0.26210546	-0.31166658
0.05697815	-0.037396338	0.011052524	-0.007559266	-0.025875991	0.0018671646	0.008103433	-0.006521067	-0.02144873	-0.0026124385	-0.006792646	-0.06518098	-0.023896592	-0.004180722	0.024277946	-0.07405682
-0.44536117	0.49223173	-0.4843959	0.45697972	0.44342625	0.46334988	-0.5043935	0.4667645	0.5101141	0.4609226	0.39076766	0.44220096	0.49928275	0.46331406	-0.45073083	0.4623504
-0.35637242	0.3163812	-0.30329776	0.3292144	0.37515128	0.34299836	-0.31475264	0.36007136	0.39727363	0.3794264	0.32611808	0.28646246	0.37360504	0.33708826	-0.32471675	0.3174042
0.27080676	-0.24645707	0.2759186	-0.252823	-0.26485085	-0.26566777	0.22824511	-0.2557942	-0.23870067	-0.21891244	-0.22159624	-0.27481124	-0.28491008	-0.23716286	0.22460322	-0.21568301
0.2741656	-0.2865904	0.23238	-0.26291147	-0.29074907	-0.22362857	0.29344666	-0.23073106	-0.22305003	-0.26953506	-0.16905665	-0.28468308	-0.28959492	-0.2961916	0.23837121	-0.26577076
-0.06066376	-0.0036684193	-0.062173363	0.01335302	0.0031705499	-0.00020812679	-0.071605235	0.120901115	-0.007598301	0.01247221	0.11897818	0.026042573	-0.032672714	0.024119645	-0.08935665	0.017075349
-0.40482822	0.45438924	-0.371738	0.43351507	0.43813315	0.36763477	-0.45083448	0.45314702	0.41358006	0.3810786	0.3721367	0.39248148	0.44221222	0.35453624	-0.4305484	0.37551302
-0.20866966	0.24289182	-0.18473768	0.17030427	0.20863567	0.26357672	-0.27052	0.18864141	0.19467783	0.26484862	0.23770247	0.21890529	0.2032628	0.27199268	-0.2775454	0.19375473
-0.45640948	0.48173633	-0.4662699	0.46357802	0.49615258	0.50174534	-0.44796604	0.46479326	0.49522394	0.4553004	0.39182213	0.4770149	0.43041945	0.471033	-0.47733733	0.48851743
-0.39843056	0.5168975	-0.42240295	0.5156083	0.42095414	0.48817295	-0.49389094	0.4074435	0.49609438	0.462212	0.38983867	0.4337002	0.5032999	0.477348	-0.39923373	0.48101234
0.290487	-0.42850354	0.34609646	-0.52700955	-0.44789776	-0.48312092	0.45507166	-0.36286542	-0.40218472	-0.41227335	-0.17919004	-0.41774246	-0.47693327	-0.46154684	0.39146703	-0.4222688
0.14844856	-0.29533476	0.18684314	-0.31364557	-0.2294577	-0.25512987	0.21114384	-0.1478506	-0.28740293	-0.22935377	-0.13935935	-0.22894275	-0.25906402	-0.20767298	0.22585978	-0.25520253
0.18032593	-0.3561849	0.19176285	-0.34625125	-0.30734313	-0.31482595	0.3310811	-0.18015127	-0.2949486	-0.27987316	-0.02322165	-0.2488062	-0.33637822	-0.36116952	0.2880915	-0.3541887
0.28470233	-0.4347799	0.369666	-0.39628682	-0.34802288	-0.34951657	0.4184887	-0.33965987	-0.38143	-0.374831	-0.12481112	-0.3316959	-0.39311627	-0.34210855	0.27100497	-0.35339066
-0.039377924	-0.06400826	-0.045065813	-0.018093647	-0.043707643	0.01101999	0.004005856	0.07755031	-0.06849221	-0.0323933	0.12700456	-0.013344866	-0.038254894	0.0010350831	0.01043524	-0.008520987
0.10720407	-0.1255662	0.05359467	-0.08764489	-0.14066078	-0.11102801	0.16492414	-0.08146076	-0.11644123	-0.15008755	-0.03850264	-0.07580207	-0.1574094	-0.07651517	0.07475594	-0.09210747
-0.1332328	0.048230477	-0.092760175	0.040005513	0.070974946	0.04797136	-0.03156655	0.06966962	0.026833879	0.008741358	0.14226642	0.029312892	0.059866823	0.04293872	-0.03782921	0.06430005
0.05646223	-0.13901961	0.057665788	-0.12134128	-0.10262236	-0.100294754	0.12959279	-0.074970484	-0.054726917	-0.06402094	-0.008859395	-0.071343355	-0.07799487	-0.054340195	0.11161746	-0.069351256
0.78091586	-0.89690775	0.8229143	-0.8790513	-0.8558377	-0.88095635	0.9270788	-0.78221124	-0.8680486	-0.89564335	-0.5986766	-0.7862302	-0.9228326	-0.883429	0.82565826	-0.91549
0.24215117	-0.26658717	0.23300044	-0.3050653	-0.32536477	-0.27037585	0.3317689	-0.21994433	-0.27376717	-0.25809154	-0.15801981	-0.26563346	-0.33417588	-0.31178823	0.2398456	-0.26728398
-0.18033989	0.1150922	-0.16820748	0.10967843	0.16157742	0.1094766	-0.15857032	0.18448773	0.09353524	0.13203284	0.15511586	0.15629807	0.10467686	0.11708683	-0.10885876	0.15839082
-0.78366673	0.7844731	-0.785347	0.85645044	0.76026917	0.8064743	-0.8103164	0.7614206	0.8670863	0.78209126	0.6727253	0.7515352	0.8938674	0.7725867	-0.7542605	0.8280973
0.07216872	-0.13433021	0.10131142	-0.13108844	-0.1484224	-0.1174506	0.108352356	-0.120944954	-0.16979626	-0.15226732	-0.052981578	-0.11099068	-0.08203192	-0.14083084	0.13012637	-0.14588371
-0.2569166	0.21913746	-0.19049022	0.22025317	0.17571917	0.23539843	-0.19564395	0.24190293	0.17428729	0.17299636	0.1824286	0.16749518	0.20888023	0.16179739	-0.22947589	0.15829986
0.15246978	-0.18788612	0.15910822	-0.2231496	-0.16345643	-0.16418569	0.15438776	-0.14643556	-0.17827484	-0.2012241	-0.11342828	-0.14267777	-0.15717305	-0.239256	0.11616343	-0.14580959
-0.48656374	0.6054271	-0.4785634	0.5562949	0.50367725	0.5257415	-0.6223873	0.52876025	0.5275718	0.5331523	0.4731442	0.5484212	0.54598683	0.5247661	-0.56272626	0.4919941
-0.018473845	0.04090192	-0.06687869	0.07082545	0.013492787	0.08251997	-0.026255317	0.009424484	0.052152425	0.045448914	0.09184267	0.08403303	0.065384954	0.01651237	-0.080031216	0.05795079
-0.40011033	0.3840853	-0.39657784	0.4717977	0.40028465	0.3973582	-0.45673683	0.4606838	0.4332753	0.39860466	0.45174673	0.3914679	0.4876819	0.3897625	-0.42680746	0.4082321
0.44029236	-0.5411734	0.54106987	-0.6245859	-0.5848905	-0.57772744	0.5801343	-0.5046066	-0.56438947	-0.5559729	-0.3836012	-0.5281088	-0.5621286	-0.54816836	0.4721296	-0.546035
-0.022980439	0.08073338	-0.057354916	0.016615761	-0.0059282403	0.041697823	-0.068253525	0.013235946	0.013945096	0.08758486	0.061523333	0.08406608	0.052725453	0.033127874	-0.08707555	0.038730104
0.39137062	-0.5979462	0.44031554	-0.62724197	-0.48353174	-0.5109046	0.5533209	-0.4553519	-0.5683397	-0.57779366	-0.2594755	-0.50223213	-0.5808107	-0.5000068	0.50995064	-0.5809601
0.08731744	-0.11736457	0.14775781	-0.10922504	-0.11685733	-0.07633445	0.1481693	-0.049968645	-0.1202192	-0.073335774	0.023476496	-0.13737547	-0.109234385	-0.07309194	0.06935208	-0.11081598
0.45560044	-0.4760932	0.41939375	-0.50624263	-0.43067136	-0.4522179	0.5323674	-0.3930697	-0.5135259	-0.46332818	-0.33388403	-0.4366016	-0.5393646	-0.5178166	0.47043923	-0.47639388
0.40402907	-0.44974244	0.38920718	-0.4779153	-0.4395093	-0.45951045	0.48181823	-0.43894497	-0.51786125	-0.47436666	-0.22921936	-0.46798602	-0.4887001	-0.5145987	0.40686393	-0.50620276
0.1470657	-0.12807144	0.1605866	-0.15171006	-0.13116188	-0.1780507	0.18702061	-0.14144263	-0.1858851	-0.16335668	-0.14434716	-0.17419669	-0.18776062	-0.1461195	0.13139977	-0.18503293
0.46194205	-0.5769231	0.4531769	-0.6469152	-0.58701605	-0.5453863	0.6262206	-0.4852875	-0.5295006	-0.53771347	-0.23667581	-0.54515046	-0.6374622	-0.58353645	0.4842623	-0.60684204
-0.40173706	0.43984324	-0.40566823	0.40953705	0.4423382	0.41990262	-0.45209786	0.38780504	0.4490191	0.375344	0.34794357	0.37555844	0.3671082	0.42217073	-0.42694873	0.39797616
-0.38407823	0.44457802	-0.39644268	0.4071637	0.3985596	0.42032	-0.41449258	0.41340345	0.40078792	0.40789786	0.46333805	0.40214956	0.48908895	0.4322987	-0.48204768	0.4656122
-0.3061628	0.27938184	-0.25832713	0.2684023	0.22314058	0.21650817	-0.29831448	0.24066223	0.21725391	0.2582745	0.33161417	0.2264493	0.29644462	0.24661578	-0.28204837	0.29143423
-0.43168777	0.48053554	-0.4373408	0.50250286	0.4739755	0.5072542	-0.4793084	0.4343707	0.42465743	0.42624527	0.36708316	0.43387377	0.49224344	0.4704698	-0.45574576	0.41382435
0.02593242	-0.13025443	0.092624836	-0.086366326	-0.15146005	-0.15330628	0.10631174	-0.063447915	-0.11046723	-0.15056314	0.025134202	-0.11505937	-0.0940939	-0.1469677	0.04718831	-0.0834918
-0.3677107	0.4080397	-0.37102714	0.47154406	0.42720494	0.42811412	-0.40698797	0.41500032	0.47486675	0.42398235	0.30264333	0.44276282	0.4122045	0.42018905	-0.3714622	0.4356791
-0.1918417	0.12751475	-0.13687924	0.2152874	0.16923515	0.23423131	-0.14659242	0.18842733	0.15944009	0.14337923	0.17185171	0.21947955	0.19670883	0.2209978	-0.19812801	0.1879247
0.17117311	-0.19242515	0.1974838	-0.22467682	-0.14757128	-0.20345761	0.13993481	-0.16327487	-0.19595844	-0.22218134	-0.13681893	-0.17446752	-0.20596728	-0.16054262	0.19891891	-0.21894148
0.11187985	-0.4018816	0.26779214	-0.4241147	-0.32031137	-0.3807794	0.32464206	-0.21549442	-0.4112578	-0.32954514	0.033891294	-0.32244754	-0.4264428	-0.34004518	0.22446692	-0.32875112
-0.07451518	-0.0037151454	-0.07208999	-0.08262079	-0.058435235	-0.041434698	0.01362952	0.1008803	-0.0075850226	0.0006833117	0.20247354	-0.0050417576	-0.060004517	-0.0303619	0.012633725	0.0057123816
0.7468396	-0.86253667	0.7987968	-0.9102289	-0.83525115	-0.8636598	0.9321101	-0.795505	-0.8881553	-0.85368174	-0.62986946	-0.87130105	-0.90328085	-0.91598505	0.7725257	-0.8769591
0.3542813	-0.4073378	0.39916027	-0.4514068	-0.4307924	-0.4836113	0.4426935	-0.45613736	-0.41188574	-0.47700468	-0.37931025	-0.3952415	-0.47718903	-0.41175142	0.36149123	-0.3842516
-0.15127087	0.12024927	-0.13420035	0.15969025	0.098664574	0.11655202	-0.18002228	0.118332125	0.17818691	0.13584356	0.09977299	0.09518895	0.13119392	0.14310282	-0.10576835	0.11303812
-0.23380795	0.31123635	-0.25070405	0.31102335	0.22612357	0.3214259	-0.31348914	0.28930336	0.23648703	0.26716432	0.28718206	0.22567359	0.24367546	0.27294198	-0.2875633	0.2337455
0.022301918	-0.07327796	0.019069543	-0.08690617	-0.044137057	-0.08060888	0.07262979	-0.042098355	-0.016899616	-0.035852823	0.019965123	-0.07789791	-0.02868785	-0.022646796	0.06565788	-0.08216461
-0.04677759	0.04091232	-0.08404497	0.07238257	0.088112764	0.095783725	-0.10212763	0.087241486	0.04131391	0.05809496	0.099251814	0.089445084	0.016654031	0.046750017	-0.048018128	0.100851946
-0.3298307	0.32634947	-0.28929844	0.33970475	0.332331	0.28404438	-0.29322907	0.333191	0.3156177	0.32718945	0.33706352	0.26405603	0.3360289	0.27121395	-0.2576625	0.31409287
-0.36270285	0.28428745	-0.3007308	0.34311917	0.32444173	0.30340043	-0.3417927	0.38404873	0.35999954	0.33276728	0.3900462	0.35234198	0.35110757	0.29242465	-0.36256105	0.30653977
0.34643626	-0.4823432	0.43609455	-0.5515735	-0.41664472	-0.4371727	0.49962267	-0.4198831	-0.49796146	-0.45936486	-0.1765786	-0.4287903	-0.5511679	-0.46511313	0.35843888	-0.41701725
0.013407523	-0.18938339	0.036729965	-0.13958879	-0.14700992	-0.11978072	0.13201961	-0.09637326	-0.13166924	-0.12870587	0.019738054	-0.10587227	-0.14986014	-0.18505904	0.10338262	-0.09905883
-0.21655148	0.16963017	-0.18068397	0.15345131	0.18004818	0.22420426	-0.19935356	0.1769572	0.22149564	0.20925191	0.17123212	0.16836686	0.22916995	0.21308713	-0.18121463	0.15918271
-0.11139629	0.043632682	-0.06509627	0.08992797	0.048020836	0.07188939	-0.05930593	0.107883856	0.09022593	0.08396719	0.032816127	0.09625377	0.056404453	0.122323155	-0.10808695	0.033351857
-0.22673014	0.17669152	-0.2215221	0.11465883	0.20436238	0.1480589	-0.13717386	0.17141338	0.13411704	0.16202278	0.2054276	0.14733435	0.15840934	0.17454028	-0.13444926	0.16755693
-0.28424183	0.30648568	-0.24795185	0.30152133	0.30525064	0.26367167	-0.26021492	0.2232984	0.31633136	0.25896165	0.20385267	0.31326059	0.30385363	0.28465417	-0.23338789	0.24111779
-0.1473784	0.07348083	-0.12546672	0.13393116	0.08530171	0.12373563	-0.106455825	0.08474583	0.1574409	0.11542089	0.16115779	0.07462519	0.1153631	0.15053757	-0.11658943	0.0914608
-0.38512987	0.33161807	-0.3488256	0.32831195	0.31312847	0.3054781	-0.32858482	0.3364887	0.2894492	0.32241502	0.3419153	0.35866842	0.34356916	0.26443058	-0.3174243	0.317263
0.15050723	-0.24060167	0.14832512	-0.24260992	-0.16966932	-0.18018699	0.25631833	-0.13790548	-0.26019487	-0.20081834	0.04196345	-0.15214865	-0.19789213	-0.22645032	0.179447	-0.16483659
-0.10514317	0.22234261	-0.19163652	0.13550794	0.1378427	0.14695244	-0.15011624	0.14234304	0.19291617	0.15890887	0.115376264	0.1827595	0.20378454	0.14642037	-0.15955468	0.18278235
-0.29114476	0.2579423	-0.29241848	0.26401	0.20860925	0.25017655	-0.29196635	0.25318453	0.24003375	0.2927112	0.23225282	0.26621485	0.27261597	0.26287878	-0.30072138	0.22844197
0.13962007	-0.10194268	0.17683278	-0.10845609	-0.18723886	-0.100427605	0.18963261	-0.12258367	-0.12969568	-0.1587142	-0.19253464	-0.10218637	-0.12627456	-0.15451543	0.13792072	-0.18045041
-0.54549706	0.67579794	-0.6178467	0.61904556	0.66906077	0.67175543	-0.61934364	0.58093464	0.61619896	0.61954224	0.5084371	0.6109478	0.63002324	0.62503946	-0.5788956	0.6107135
0.11706362	-0.23908794	0.07692829	-0.26218748	-0.19602275	-0.18621384	0.1924399	-0.10143631	-0.18753906	-0.15050334	-0.010753092	-0.18685165	-0.21513915	-0.1914747	0.15104042	-0.17699876
-0.21186496	0.17555419	-0.20073007	0.21453129	0.26027322	0.263078	-0.25791973	0.2187076	0.2424181	0.2277769	0.19657432	0.2267814	0.24972442	0.20685688	-0.23835209	0.23485631
-0.7203796	0.79833925	-0.7648674	0.8096556	0.7954785	0.79567033	-0.76552165	0.7250447	0.74047744	0.72636765	0.64894074	0.77402425	0.76248527	0.8085893	-0.6725848	0.7455177
0.120865606	-0.15438966	0.17723085	-0.16721103	-0.13260671	-0.09703073	0.13729714	-0.16444309	-0.17552745	-0.08828663	-0.13026895	-0.14497535	-0.11051393	-0.113506906	0.10785937	-0.0863824
0.43355623	-0.49662462	0.44711253	-0.47679883	-0.51712334	-0.46699888	0.53042376	-0.46512648	-0.52774	-0.5270945	-0.28391612	-0.46568522	-0.5038807	-0.43811586	0.39829087	-0.5224011
-0.22708215	0.33625457	-0.2377891	0.27557608	0.23372892	0.3077041	-0.26461822	0.31567612	0.24304803	0.29716384	0.24579196	0.28894067	0.3261919	0.29902214	-0.272248	0.2847637
0.2007511	-0.22756062	0.20401196	-0.24955374	-0.18979949	-0.17771289	0.2433187	-0.17484015	-0.18766198	-0.18575957	-0.105574846	-0.24273224	-0.29339737	-0.1774083	0.18780157	-0.23446228
-0.560421	0.57590145	-0.54274553	0.6222697	0.55880934	0.58630395	-0.5766148	0.5784327	0.53031844	0.52859515	0.554951	0.58729005	0.6410538	0.60033745	-0.5824867	0.5335015
-0.24693622	0.25203404	-0.20472454	0.25009114	0.19454196	0.25561216	-0.25475508	0.22789061	0.21893595	0.21669476	0.2491901	0.25325313	0.25449255	0.20988303	-0.22906338	0.26931497
-0.31837308	0.27580047	-0.2902583	0.29331088	0.2496484	0.2582541	-0.31128573	0.2481771	0.33037126	0.3442407	0.29562175	0.3037639	0.35785088	0.28563598	-0.31009713	0.31054088
-0.4840142	0.46506038	-0.48917392	0.53212917	0.49184507	0.49660856	-0.54260206	0.41504633	0.5286151	0.5003207	0.36051875	0.50346476	0.5402466	0.53407717	-0.4172759	0.47268426
-0.20890127	0.12869269	-0.18932107	0.1420696	0.09862462	0.10064212	-0.18490537	0.19561121	0.14724843	0.104181774	0.20634899	0.14279327	0.12926827	0.16452055	-0.14627679	0.16982438
0.2775438	-0.3346818	0.31989905	-0.3612023	-0.3404083	-0.33248207	0.33677354	-0.26922297	-0.3265461	-0.3179086	-0.27798483	-0.2490744	-0.33390486	-0.32967487	0.24723224	-0.3393204
-0.29348806	0.27127507	-0.33023533	0.37291905	0.33690608	0.3484532	-0.3592059	0.30682296	0.32344145	0.2834839	0.25694528	0.3425755	0.32577118	0.26828727	-0.27238545	0.35059655
0.53742725	-0.71235317	0.6321519	-0.746485	-0.68568504	-0.7677085	0.7131773	-0.5786284	-0.6919669	-0.7570145	-0.28529054	-0.68388426	-0.7526782	-0.7613623	0.64743555	-0.7201751
-0.06578922	0.049826503	-0.065838255	0.06353337	0.009524171	0.0219992	-0.034529053	0.052118346	0.02942477	0.04220296	0.055677053	0.03213606	0.055796668	0.046920877	-0.0691487	0.069039896
0.10885935	-0.14240815	0.13565595	-0.13298061	-0.1884617	-0.18331298	0.19575943	-0.11478064	-0.1742966	-0.14503433	-0.10657537	-0.12035847	-0.12395809	-0.1987229	0.1035363	-0.14513357
-0.46787533	0.481799	-0.47437504	0.42872718	0.47075024	0.45850712	-0.5139542	0.47667077	0.4765803	0.4373937	0.44039923	0.436686	0.5066025	0.43401086	-0.4428635	0.44554433
-0.4449986	0.5578793	-0.5233647	0.5598763	0.4785993	0.53624934	-0.5415793	0.46322954	0.48920974	0.48415354	0.44955775	0.51340586	0.50682616	0.49309	-0.47549373	0.43690908
-0.63935876	0.6754559	-0.6392571	0.7205221	0.67488676	0.64816153	-0.6583017	0.617097	0.6998621	0.68831193	0.5764996	0.60100764	0.678356	0.6720791	-0.6052063	0.6156696
-0.24052471	0.20571531	-0.21877378	0.22753388	0.23801883	0.1905528	-0.20403768	0.24492803	0.20370314	0.26088932	0.26147455	0.2550438	0.17387258	0.20748432	-0.18945663	0.19504067
0.012327303	-0.025281288	0.025693167	-0.08879359	-0.061223395	-0.09542941	0.020134253	-0.020153163	-0.035672475	-0.044373658	-0.02954553	-0.048704542	-0.025863446	-0.08358146	0.036160085	-0.011173194
-0.30063447	0.35018688	-0.27536336	0.26163116	0.30853888	0.3187692	-0.34937963	0.34973294	0.26446533	0.30411184	0.29799902	0.33346882	0.3308453	0.26585582	-0.32819918	0.31981933
-0.10417227	0.01728057	-0.081622116	0.0019359081	0.063862845	-0.00690202	-0.06985783	0.072409466	0.03216699	0.033081047	0.07915434	0.032618728	0.001917292	0.06345917	-0.06932608	0.020315772
0.14410675	-0.16917528	0.12078274	-0.16997884	-0.22363591	-0.20325527	0.13226028	-0.12993574	-0.180031	-0.15301214	-0.064157344	-0.11863563	-0.1984681	-0.1959978	0.115868516	-0.20955427
0.2621353	-0.33266926	0.28424382	-0.2757911	-0.2705007	-0.28413314	0.28326786	-0.22026534	-0.2811996	-0.3068273	-0.12766182	-0.28697821	-0.25172436	-0.28174528	0.19701354	-0.28498358
0.2932078	-0.44256887	0.41323626	-0.54443336	-0.42115468	-0.5055129	0.48697752	-0.298282	-0.45933643	-0.48141927	-0.12916581	-0.4323625	-0.4943417	-0.445999	0.34160623	-0.44343868
-0.10700184	0.10092631	-0.08944369	0.020998297	0.047335647	0.025543775	-0.10666386	0.0911126	0.06363325	0.052679826	0.09781318	0.086730756	0.07720059	0.056327816	-0.05922156	0.062473208
0.18686351	-0.21969263	0.13673113	-0.17841426	-0.18456498	-0.17112753	0.14183965	-0.16035299	-0.19818583	-0.22923224	-0.09080343	-0.20485546	-0.23168719	-0.1726276	0.17985229	-0.13690984
-0.1850597	0.21546458	-0.19046454	0.15375042	0.1803268	0.21577407	-0.15466613	0.17142953	0.2313477	0.15868133	0.19568682	0.21481386	0.14048345	0.18455364	-0.20605084	0.15039712
0.21560116	-0.2118217	0.23492245	-0.19193386	-0.23277856	-0.22080971	0.1899378	-0.17542222	-0.19775432	-0.24603488	-0.18198276	-0.19474678	-0.19264366	-0.23440358	0.20184807	-0.19295959
0.05341661	-0.082178175	0.13139708	-0.1080037	-0.0912876	-0.113579646	0.13476336	-0.09273859	-0.15034258	-0.10131632	-0.029772375	-0.055034496	-0.09561017	-0.13366036	0.12239563	-0.08053781
0.42184636	-0.49260038	0.4646661	-0.4127804	-0.46046555	-0.45486426	0.45631576	-0.42512208	-0.4501081	-0.39909273	-0.3623625	-0.44813487	-0.46900743	-0.4293335	0.38196	-0.4704032
0.28045744	-0.4880068	0.40233162	-0.46033448	-0.39073154	-0.4621311	0.4546011	-0.37092048	-0.40529743	-0.37554199	-0.21526289	-0.44380206	-0.52123314	-0.39376628	0.32843673	-0.44728225
0.0024174768	-0.14654145	0.09374286	-0.125345	-0.08787675	-0.054930467	0.07813861	-0.097590126	-0.09439793	-0.07475339	0.054486316	-0.109252445	-0.11623541	-0.13849777	0.04260015	-0.07341711
-0.39120063	0.501127	-0.39052564	0.47035095	0.45110777	0.4189841	-0.52101445	0.47345185	0.45556846	0.46236682	0.4792892	0.4785152	0.4522522	0.43511933	-0.47098842	0.4495436
-0.41973242	0.4444312	-0.41640645	0.46600148	0.3952983	0.45900387	-0.41638377	0.38835672	0.44172302	0.45674172	0.4171345	0.3898256	0.4367005	0.37373826	-0.43633473	0.40644243
0.058883622	-0.1119614	0.08751901	-0.04521942	-0.032394283	-0.10881874	0.08741708	-0.092411116	-0.045835562	-0.05582433	-0.034859903	-0.05976345	-0.10147009	-0.07113466	0.06325535	-0.06348417
-0.15800281	0.04897817	-0.13680214	0.09477645	0.03360418	0.062316597	-0.10816551	0.120050654	0.063629486	0.044192113	0.16015409	0.11065386	0.11382074	0.10443708	-0.06928703	0.045289345
-0.6179831	0.70891345	-0.6836598	0.7374032	0.7111852	0.7111352	-0.7176915	0.6421199	0.65512866	0.67546874	0.647267	0.6610818	0.7480553	0.7208672	-0.67955893	0.6917003
-0.15503848	0.1966447	-0.16988698	0.13921452	0.20871156	0.19863804	-0.19184157	0.18638971	0.14080097	0.20424701	0.24040921	0.13593748	0.12984626	0.12571731	-0.1981144	0.19656765
0.17662717	-0.27393052	0.15530834	-0.2517156	-0.23310569	-0.22487387	0.19520596	-0.13807687	-0.2400156	-0.27614123	-0.030385485	-0.22451828	-0.21924675	-0.19390412	0.18265325	-0.22841771
-0.522983	0.61046207	-0.59848565	0.60079116	0.606371	0.61291766	-0.6632601	0.55492127	0.54088724	0.54451966	0.49720606	0.52976185	0.60409087	0.5477485	-0.5918551	0.58828646
0.2467099	-0.38834786	0.29653165	-0.47952154	-0.37830287	-0.35060555	0.41581553	-0.2476722	-0.42536476	-0.4134794	-0.10658916	-0.30959085	-0.4754952	-0.4212275	0.33118835	-0.3522592
0.3244896	-0.31640413	0.3115593	-0.32439414	-0.34420905	-0.35905057	0.39210498	-0.3498778	-0.382718	-0.33251932	-0.28973612	-0.28491813	-0.31653863	-0.37081316	0.34569752	-0.3292737
-0.102380574	0.15097111	-0.16783792	0.1765264	0.15875529	0.105475806	-0.1680354	0.11624477	0.16135104	0.085953265	0.14438197	0.12329876	0.1604634	0.08194966	-0.11626483	0.11228322
-0.62824947	0.7288484	-0.6667589	0.6828524	0.6728925	0.71178806	-0.7395107	0.6354825	0.7393899	0.72183937	0.56100327	0.72649217	0.756811	0.6912901	-0.662898	0.7393782
-0.44802272	0.45862404	-0.46417943	0.4218229	0.43642014	0.42836237	-0.51671547	0.42035392	0.4395698	0.45765334	0.41048014	0.42044213	0.431633	0.46187824	-0.4146461	0.45717224
-0.4144462	0.53418165	-0.5019162	0.49749148	0.45059755	0.4628856	-0.4912941	0.47176573	0.4439471	0.5339314	0.43908045	0.4864157	0.5331779	0.43796435	-0.4752995	0.43583515
-0.6606095	0.7112048	-0.696095	0.7120101	0.6965284	0.70401376	-0.7534228	0.6865393	0.7112098	0.72935826	0.64793944	0.7258419	0.7177528	0.74172837	-0.7186791	0.6995802
-0.24584478	0.22847705	-0.27319214	0.26430458	0.26194966	0.27351832	-0.24212137	0.22058728	0.29772398	0.25512198	0.26416332	0.2896021	0.2868663	0.28465533	-0.298455	0.21972756
-0.26960412	0.24138449	-0.25708234	0.25441507	0.3243599	0.29930356	-0.24048406	0.24875793	0.2441193	0.24906074	0.2524613	0.29829377	0.25619936	0.31295875	-0.28888988	0.2488292
-0.6203172	0.6198778	-0.5849981	0.7143982	0.6410061	0.6788992	-0.68420625	0.5625156	0.6459969	0.6704031	0.52950424	0.60750586	0.7072707	0.68035287	-0.59506893	0.6219317
0.0005868248	-0.027396165	-0.010532721	-0.020473773	-0.022221703	-0.006626893	-0.03765958	0.006848294	-0.024414143	-0.025001308	-0.055331424	0.018401397	0.01400208	0.006821207	-0.020893846	0.020987058
-0.3514576	0.28985757	-0.33831552	0.35837278	0.37662393	0.346045	-0.38764942	0.30112532	0.37479904	0.27989784	0.2921229	0.31492534	0.33369067	0.27974156	-0.26299834	0.31319195
-0.27367237	0.2531079	-0.28064394	0.3476575	0.31524184	0.2582962	-0.2626027	0.30155158	0.28129274	0.24277785	0.3231449	0.23377736	0.34800205	0.25672403	-0.24991895	0.3351932
-0.68989915	0.76018006	-0.6853204	0.70709574	0.75765634	0.78508687	-0.7868461	0.7126871	0.7149646	0.71752554	0.6158836	0.7006344	0.7466372	0.6800957	-0.67376226	0.7308472
0.26186013	-0.3003379	0.25975096	-0.2987619	-0.21949221	-0.24624129	0.33687916	-0.21730195	-0.2511454	-0.27519953	-0.15651834	-0.19697134	-0.24305052	-0.28515187	0.26789793	-0.24539623
-0.1251352	-0.10921539	-0.060245555	-0.16062762	-0.108527735	-0.119715706	0.12422024	0.044116136	-0.11343132	-0.10282365	0.2231784	-0.060340673	-0.13875079	-0.09635222	-0.030686615	-0.14132991
-0.15395674	0.13413744	-0.175472	0.15810941	0.09938031	0.09383871	-0.110591605	0.16969556	0.1749745	0.17157327	0.09711997	0.16372143	0.17322558	0.15923072	-0.13484491	0.090458475
0.26817748	-0.3286606	0.31472087	-0.33200812	-0.36841735	-0.3563474	0.33540973	-0.33388352	-0.28795147	-0.33477172	-0.23686384	-0.3524463	-0.32173327	-0.2893997	0.28201067	-0.2883399
-0.12440194	0.18149765	-0.14368743	0.18328185	0.14959879	0.16602878	-0.15407616	0.20226435	0.13182946	0.16374989	0.19290619	0.18678133	0.16387857	0.16424467	-0.14368896	0.20330767
-0.044876967	-0.06411397	0.068691686	-0.007284945	-0.064560525	-0.07715294	0.07747257	-0.0047323154	-0.07459215	-0.055365477	0.06600969	0.00706653	-0.030462286	-0.0060442267	0.034561954	-0.045140006
0.1406142	-0.20022593	0.22240794	-0.26107824	-0.22888127	-0.26418576	0.25594044	-0.20228788	-0.23510003	-0.23431012	-0.14810626	-0.19191998	-0.25065425	-0.18961254	0.23470259	-0.17542912
-0.006945269	0.026299847	-0.0014380146	-0.023255842	0.009503811	-0.04776999	0.020480404	0.0422109	0.049168956	-0.03428401	-0.03240012	-0.049891587	0.04079684	-0.009951507	-0.03332947	0.04234066
-0.21649143	0.14388788	-0.23210435	0.21718955	0.21724358	0.15656415	-0.22187762	0.19256309	0.2217735	0.18994273	0.15667726	0.19044904	0.18397823	0.22386703	-0.15338494	0.22766641
-0.62200296	0.57108825	-0.638601	0.58853453	0.5825774	0.65576434	-0.6198985	0.6422907	0.58580923	0.6153104	0.5492436	0.5559015	0.60178244	0.6563915	-0.5922267	0.6176046
-0.061349858	0.120574094	-0.054735772	0.07023666	0.066044	0.07407979	-0.06039144	0.10143975	0.06717652	0.057990085	0.072908856	0.11241254	0.12847927	0.112858385	-0.12630633	0.14073487
-0.06990212	0.048451923	-0.042865984	0.054733384	0.10144742	0.088270195	-0.074759476	0.05612088	0.073640235	0.036557898	0.10875618	0.036181405	0.03594664	0.07124632	-0.06738444	0.021529274
-0.11433856	-0.04793717	-0.084570915	0.032370243	0.004660514	-0.0012657727	-0.06300376	0.104946524	0.04208952	-0.02087008	0.106193796	0.02448477	-0.017235806	0.06226697	-0.028006583	0.036873948
-0.14461055	0.08856732	-0.124371104	0.0699515	0.046504073	0.0471989	-0.026865255	0.15784927	0.081697844	0.03030577	0.23612538	0.07511033	0.05973181	0.025152586	-0.11262148	0.101144284
0.15507954	-0.29414013	0.24820265	-0.27502802	-0.22264107	-0.21152593	0.21804756	-0.15467805	-0.2686813	-0.21971941	-0.056888886	-0.23964474	-0.26457682	-0.2493743	0.16386536	-0.21918516
0.029513476	-0.0741588	0.061470423	-0.097212926	-0.08318025	-0.04129967	0.05659279	-0.09205662	-0.06441705	-0.052965514	-0.05129757	-0.05934621	-0.051900957	-0.07671594	0.049678	-0.08114445
0.13440758	-0.23126228	0.13670999	-0.20770043	-0.22723031	-0.18807337	0.16740665	-0.106854185	-0.21307607	-0.17292562	-0.026779944	-0.15712988	-0.21955046	-0.19563162	0.113019764	-0.21813971
-0.08566082	0.12927745	-0.13575654	0.08989366	0.11465117	0.08203626	-0.10055741	0.117278084	0.079153456	0.11037557	0.13206163	0.083502635	0.09206416	0.1391343	-0.07952926	0.086480066
-0.04878019	-0.009185062	-0.04147934	-0.05035209	-0.06707225	0.0022219685	0.017176578	0.048935913	-0.052810628	0.0015277038	0.07256971	-0.023248443	-0.00619271	0.0019119061	0.03571493	-0.039999153
0.38485742	-0.4850281	0.4510255	-0.5600182	-0.4637668	-0.46459275	0.47599885	-0.3892363	-0.48342	-0.42276874	-0.34608653	-0.43795073	-0.53775436	-0.44351786	0.39778325	-0.44526833
-0.37934676	0.30446535	-0.4109682	0.30689642	0.35286403	0.3262331	-0.3220718	0.34785077	0.34722248	0.26862925	0.41032735	0.28877655	0.3252904	0.29963478	-0.3511651	0.34714258
0.63306445	-0.67708534	0.6470363	-0.7258911	-0.70051783	-0.7773915	0.7671842	-0.6907145	-0.6887469	-0.74691767	-0.5047942	-0.64744204	-0.7688224	-0.71012866	0.6297303	-0.7476655
0.3567043	-0.5105176	0.4466877	-0.48475924	-0.41823474	-0.519807	0.45120934	-0.39405543	-0.46972075	-0.5000932	-0.31389093	-0.47582436	-0.52917415	-0.49218276	0.37347344	-0.45427755
-0.13192856	0.17838001	-0.1736704	0.20061363	0.15699941	0.20999998	-0.16563407	0.13183945	0.20197389	0.19789381	0.13703495	0.16209604	0.1796399	0.22567321	-0.20831777	0.17848392
-0.06614383	0.06947092	-0.10110171	0.08595094	0.09862965	0.12022052	-0.112937875	0.11530711	0.048934154	0.074365444	0.02205979	0.071359254	0.053124085	0.099146485	-0.07197999	0.10750231
-0.4434928	0.46390292	-0.47609043	0.5192104	0.5048943	0.48508364	-0.5300807	0.4121734	0.48152828	0.51625335	0.40440592	0.49975199	0.4762444	0.48089772	-0.43036819	0.47361293
0.064543314	-0.048205987	0.076188795	-0.1223365	-0.06512354	-0.10691838	0.043189693	-0.025592415	-0.075238906	-0.087923974	-0.044467516	-0.034318496	-0.08136695	-0.023066023	0.10417312	-0.06013373
-0.009318138	-0.09000247	0.085410945	-0.046539724	-0.0907011	-0.07125818	0.12473773	-0.08633426	-0.069033675	-0.0881392	-0.00013824468	-0.09182721	-0.07863918	-0.10477568	0.056571264	-0.029377755
-0.6556465	0.6811284	-0.74021435	0.71758187	0.7161149	0.7632928	-0.7675603	0.63170624	0.687281	0.6838597	0.63242847	0.72213507	0.77083033	0.6808388	-0.62190837	0.73157126
-0.4073648	0.4051103	-0.36860248	0.37646344	0.38819465	0.45894724	-0.40518847	0.36781007	0.39560086	0.3788784	0.35132667	0.35991943	0.38183188	0.39947477	-0.41553268	0.42157623
-0.6372983	0.6816388	-0.69554454	0.7203903	0.67983574	0.69170535	-0.6568099	0.6676709	0.6493004	0.6472962	0.60841274	0.69548756	0.7077262	0.7045669	-0.621402	0.6214407
-0.37388045	0.48480108	-0.4286193	0.46633336	0.45764947	0.49556246	-0.45840386	0.4230148	0.48870546	0.43771225	0.35810405	0.43851593	0.51512676	0.49490476	-0.39438835	0.42702508
0.22144373	-0.34076652	0.24046175	-0.28089187	-0.24476933	-0.29826725	0.34658763	-0.2454884	-0.27257925	-0.27567375	-0.0759746	-0.28034064	-0.30207285	-0.2615037	0.26524776	-0.27186638
0.4800438	-0.6626787	0.58484596	-0.7501894	-0.60111505	-0.69719946	0.6642444	-0.54111147	-0.66872	-0.6822421	-0.35098168	-0.5850531	-0.6973668	-0.68336225	0.6144789	-0.63452125
-0.38372877	0.3183954	-0.3319297	0.37801045	0.36811516	0.38687637	-0.41053846	0.35804287	0.36333567	0.32740435	0.3216171	0.36465374	0.3842013	0.3631056	-0.34639674	0.36360204
-0.5600359	0.67712766	-0.62634695	0.6398801	0.6054741	0.6886757	-0.7151211	0.5944837	0.6582154	0.6390163	0.5145381	0.60165256	0.709888	0.6708003	-0.6110833	0.5961428
0.1335178	-0.20440294	0.15998814	-0.20719495	-0.2225639	-0.2320986	0.23952466	-0.23263203	-0.1662406	-0.20970282	-0.120441	-0.17143828	-0.16037089	-0.23288183	0.19573385	-0.19606248
-0.72209144	0.7864063	-0.7278143	0.77895147	0.7560472	0.7413853	-0.7507505	0.6798908	0.81398225	0.80034614	0.60695904	0.7154772	0.76894385	0.7869204	-0.724709	0.7226463
-0.63037735	0.7094855	-0.66506267	0.68608946	0.71757925	0.7419731	-0.69585574	0.62865496	0.6917852	0.73280156	0.5731295	0.705328	0.7592397	0.6830666	-0.61690336	0.6574279
0.17008285	-0.270769	0.16890585	-0.23847805	-0.17445838	-0.17302655	0.19460121	-0.115704164	-0.2454757	-0.20004569	-0.034872677	-0.12912826	-0.23271476	-0.2530867	0.18786688	-0.2332969
-0.2142567	0.23455879	-0.1435922	0.17502765	0.19002761	0.18329082	-0.23259732	0.15147102	0.17434573	0.16860428	0.1941976	0.18787846	0.20899133	0.22222504	-0.14247228	0.18733078
-0.14316353	0.08995064	-0.16978012	0.116338484	0.18815532	0.17913514	-0.15664534	0.15960667	0.09630833	0.09538361	0.1223412	0.15024386	0.13616371	0.1768751	-0.1542099	0.16070305
0.13390362	-0.051362723	0.04506294	-0.11234256	-0.045257274	-0.12647858	0.14382608	-0.09750961	-0.061214168	-0.13081095	-0.07695407	-0.0784818	-0.14735214	-0.116113186	0.058339108	-0.078980625
0.052329265	-0.051482968	0.06125539	-0.13416907	-0.042647913	-0.07726859	0.14599611	-0.0981295	-0.12436645	-0.06769525	-0.068323255	-0.042146757	-0.043609273	-0.051725794	0.056300446	-0.08158893
0.27310356	-0.27794835	0.2476497	-0.2842221	-0.3022782	-0.3114963	0.32791573	-0.29269367	-0.32526186	-0.29895464	-0.21014808	-0.29679465	-0.3730273	-0.35386488	0.32264143	-0.3032142
0.05250973	0.008412571	0.026999354	-0.04933398	-0.03232417	-0.044344045	0.059378494	0.014907722	0.0006954465	-0.020989232	0.030236017	-0.015001659	-0.079306595	-0.058123335	0.015711717	-0.06044752
-0.5182564	0.58270144	-0.5369542	0.55178523	0.5873323	0.61415285	-0.6156109	0.5306055	0.63098776	0.6274622	0.48211077	0.60195607	0.6458609	0.5602195	-0.5268416	0.62178004
0.04366776	-0.17268768	0.1114667	-0.12499465	-0.12841754	-0.16251938	0.095661275	-0.010475133	-0.07690406	-0.072802655	0.064296305	-0.080686264	-0.19401518	-0.13755316	0.043497752	-0.13187797
0.15076831	-0.2535843	0.20539975	-0.22674264	-0.23334363	-0.25401953	0.22895657	-0.14690569	-0.21406394	-0.22167641	-0.091922745	-0.15346923	-0.21025893	-0.25625035	0.18916962	-0.231226
0.45465097	-0.5206746	0.47261018	-0.5505702	-0.5649721	-0.4819117	0.56686217	-0.42053476	-0.4984555	-0.5696124	-0.31320918	-0.5357999	-0.6038872	-0.5523913	0.4125859	-0.5156352
0.14877217	-0.29307175	0.25202024	-0.31016538	-0.31535193	-0.30611473	0.354396	-0.23053142	-0.28728008	-0.31172243	-0.10728259	-0.27659872	-0.3046985	-0.3073901	0.19966447	-0.27746037
-0.05323026	0.09693893	-0.059214488	0.025583016	0.07650476	0.09823993	-0.053906903	0.0071284897	0.05435717	0.013099069	0.08798276	0.051377255	0.112918735	0.04073267	-0.026103377	0.010878756
-0.1881678	0.1994831	-0.1965829	0.21724868	0.15114707	0.15781857	-0.16924952	0.15200002	0.1913477	0.17022477	0.1956966	0.22718453	0.1637883	0.200255	-0.17553999	0.14397082
-0.06413839	-0.044261027	-0.0032224949	0.007351889	0.008469714	-0.028569622	0.019420331	0.01796637	-0.019915866	-0.0044530733	0.05056232	0.008442642	-0.02546813	-0.07154615	0.016436035	-0.06966113
0.1647828	-0.22177085	0.2236861	-0.18730372	-0.23422064	-0.24363516	0.28139186	-0.2030513	-0.18774483	-0.25809744	-0.21050102	-0.19842875	-0.26126528	-0.22462457	0.23391525	-0.23212913
-0.67019933	0.6826298	-0.69688416	0.76243526	0.6436147	0.7226866	-0.6917601	0.6066317	0.74232	0.6406001	0.5909189	0.6915773	0.7525878	0.6953095	-0.6023405	0.7183995
-0.3361366	0.34114274	-0.3312492	0.37264803	0.41732138	0.39493823	-0.35507795	0.29462683	0.3799051	0.32953933	0.2463924	0.30940115	0.34550875	0.39813802	-0.3702615	0.34044117
-0.53270316	0.46868077	-0.5231136	0.48511058	0.45247477	0.41568792	-0.4719498	0.46922934	0.46859333	0.4198913	0.51644474	0.42131087	0.44935095	0.50237924	-0.526112	0.4473925
-0.47817346	0.4468813	-0.5229574	0.48846066	0.5025026	0.49811524	-0.538926	0.4786715	0.45734578	0.43897074	0.46935487	0.4386635	0.4706447	0.5090711	-0.4371146	0.48739657
-0.35322994	0.38357738	-0.28842995	0.29445112	0.36475593	0.31020406	-0.3236704	0.28340685	0.2748471	0.32553935	0.2992597	0.33259648	0.3657507	0.3575033	-0.32430667	0.33787438
-0.53072494	0.57475156	-0.49877012	0.55532056	0.5171233	0.58335406	-0.6055505	0.47776148	0.53143185	0.57925856	0.43234557	0.48931408	0.54544735	0.53228194	-0.5239215	0.56398803
0.037785664	-0.049187116	0.010362316	0.018071068	-0.024706077	-0.040461075	0.025594138	0.004794568	9.0540445e-05	-0.05065894	-0.074782915	-0.04297835	-0.051401302	-0.06089568	-0.020968527	0.004308464
0.39808714	-0.5623492	0.42562336	-0.5509094	-0.53190225	-0.5626857	0.5951332	-0.38164926	-0.5552732	-0.5333595	-0.19838889	-0.52687013	-0.6029821	-0.5452874	0.4506375	-0.49220678
0.0067906394	-0.007281579	0.051487137	-0.078576304	-0.08464462	-0.007117999	0.0234335	-0.031974457	-0.02038379	-0.033137836	0.037879325	-0.0018977695	-0.0797764	-0.05472234	-0.0020540694	-0.061678763
0.008173041	-0.13685009	0.11516252	-0.13632663	-0.0694394	-0.08735447	0.123541266	-0.06876739	-0.058472186	-0.09916605	-0.016015261	-0.074612975	-0.11365958	-0.09849302	0.105464965	-0.0767767
0.40271628	-0.6499996	0.44735053	-0.6296445	-0.58026475	-0.5859885	0.616966	-0.47618195	-0.55916417	-0.597973	-0.18676063	-0.49530238	-0.627883	-0.6067953	0.48858273	-0.5433648
0.07501901	-0.16265258	0.15387835	-0.23206751	-0.1776685	-0.15190056	0.1933264	-0.17424019	-0.23332341	-0.23210774	-0.05262835	-0.19459973	-0.19114088	-0.15424678	0.14718726	-0.15375705
-0.1171354	0.11800364	-0.074796535	0.0722082	0.082989015	0.0954937	-0.077357374	0.1674432	0.074357145	0.14077696	0.12468853	0.12147629	0.0903086	0.08907078	-0.07262284	0.09151758
-0.44484568	0.48467445	-0.4428575	0.4436232	0.46641874	0.46144816	-0.45308056	0.3798853	0.44783437	0.4109409	0.36554268	0.46347558	0.523563	0.47820547	-0.4582743	0.4499801
-0.5899289	0.6109093	-0.62882465	0.61347866	0.5614782	0.57093394	-0.64051926	0.5773967	0.60895383	0.5618346	0.5568451	0.5462957	0.5952771	0.61934817	-0.5103259	0.57109535
0.6803314	-0.76069367	0.65750843	-0.802227	-0.7466879	-0.72780204	0.73749137	-0.659534	-0.7611311	-0.72148204	-0.6300961	-0.72124434	-0.80987704	-0.70678145	0.6557472	-0.65378386
-0.2533552	0.28053254	-0.30733216	0.26281264	0.31986132	0.324545	-0.32385072	0.26309535	0.24613681	0.2694585	0.1996456	0.31317118	0.3356406	0.2421199	-0.27996692	0.3265889
0.5645249	-0.7309984	0.59976137	-0.6979584	-0.69929314	-0.73355323	0.7089545	-0.5811045	-0.66526175	-0.67815995	-0.48724774	-0.6508393	-0.67938155	-0.7298289	0.6469152	-0.7199993
0.6075805	-0.67373616	0.62239647	-0.68287206	-0.6881061	-0.69070345	0.74529433	-0.5811348	-0.7055728	-0.72444063	-0.45945936	-0.68464476	-0.749217	-0.7080895	0.67290336	-0.62808716
0.5022695	-0.56018156	0.49405754	-0.5264721	-0.5272401	-0.5221186	0.5581235	-0.4888292	-0.53026915	-0.55872875	-0.43038034	-0.5008491	-0.61660546	-0.5187006	0.46330744	-0.5046039
-0.26082912	0.2853165	-0.25230706	0.28352365	0.24851623	0.28130198	-0.30438772	0.28918678	0.30532745	0.27553228	0.28317106	0.29275188	0.23611023	0.2628273	-0.2443042	0.278817
0.13985418	-0.20854524	0.15019009	-0.16680132	-0.19391406	-0.18916203	0.1885099	-0.22737363	-0.16329943	-0.202326	-0.15331505	-0.14556752	-0.20508565	-0.24225296	0.21887653	-0.22090292
-0.12448961	0.075626604	-0.1091466	0.04777698	0.051123526	0.058069207	-0.078502074	0.07051149	0.13318898	0.13585804	0.14107412	0.091100916	0.14471781	0.045695685	-0.06523558	0.10684213
-0.14428377	0.17738865	-0.13691984	0.20160915	0.16755268	0.11597807	-0.15300246	0.10398384	0.1667501	0.10469996	0.13510339	0.12850903	0.12995394	0.1750881	-0.13634768	0.17687158
0.037097115	-0.15502961	0.073411986	-0.1053093	-0.13990313	-0.07732457	0.10042276	-0.034881	-0.16015959	-0.097767636	0.013558638	-0.13026673	-0.10786595	-0.13418694	0.090673484	-0.10187012
-0.6178716	0.67914873	-0.69261855	0.7536086	0.736013	0.72339153	-0.76178867	0.6702899	0.6894293	0.7157129	0.54714763	0.6767315	0.6747313	0.7292944	-0.6281956	0.6960549
-0.11399258	0.12612234	-0.16581401	0.14323893	0.12979555	0.1154916	-0.06368491	0.08682529	0.06887464	0.083808154	0.14707342	0.14044474	0.07835145	0.11009644	-0.07712613	0.15410079
-0.035772063	0.041862465	-0.03922622	0.03424298	0.0861279	0.029830873	-0.09256829	0.012180321	0.034356836	0.082362704	0.039902087	0.018117327	0.0599463	0.036320817	-0.053357754	0.026187407
0.2445386	-0.34804347	0.22328036	-0.32221052	-0.2774777	-0.33246106	0.3005402	-0.24516603	-0.25833756	-0.2920008	-0.11772275	-0.27276763	-0.35257685	-0.32443777	0.27221644	-0.24699715
-0.36520568	0.3850361	-0.42602286	0.45453766	0.40423056	0.42040783	-0.3749444	0.36436298	0.34195217	0.4142735	0.37294248	0.40900248	0.38891542	0.35917774	-0.32270637	0.39353907
-0.65324056	0.6786635	-0.62995154	0.7360577	0.6834095	0.69160557	-0.7338108	0.6485931	0.6477854	0.6938782	0.6078899	0.68928814	0.68717414	0.6339491	-0.5983003	0.661362
0.09456911	-0.16244145	0.08697096	-0.12780826	-0.12412511	-0.1721502	0.12440444	-0.15514016	-0.1449035	-0.1572502	-0.051040597	-0.119657	-0.17791158	-0.19373892	0.098603725	-0.16843013
-0.3991219	0.46418935	-0.36940235	0.4197889	0.44310692	0.4529307	-0.4441442	0.39138666	0.4211214	0.36209428	0.35258538	0.36204493	0.45667797	0.36248827	-0.40865278	0.38936144
-0.66241693	0.6714845	-0.66081315	0.6863992	0.7005393	0.6726279	-0.65524364	0.59166056	0.68805104	0.6502149	0.5749581	0.59100693	0.7260936	0.68299586	-0.59958375	0.69584364
-0.29683578	0.3288404	-0.35634702	0.40492442	0.3340564	0.32222196	-0.40024784	0.3041625	0.39612693	0.36750263	0.30971777	0.3662781	0.35876262	0.35546127	-0.29874012	0.37661123
-0.48793423	0.5563841	-0.48933905	0.5332131	0.57740706	0.56738824	-0.5260378	0.47869706	0.49117222	0.54205626	0.44875702	0.5195694	0.5513378	0.5612854	-0.4614712	0.53904414
0.14148305	-0.25259775	0.23145182	-0.2726953	-0.23512492	-0.20741482	0.1977577	-0.14492603	-0.19453847	-0.19629823	-0.16132824	-0.25573364	-0.24162932	-0.24686362	0.2217719	-0.27074987
0.15953985	-0.16479778	0.13477811	-0.25612396	-0.24105686	-0.15347719	0.16443358	-0.20917545	-0.24013923	-0.1803023	-0.06298734	-0.2094925	-0.22526439	-0.17146677	0.19498181	-0.20670946
-0.005887964	-0.025643598	0.06340563	0.036997113	-0.026986869	-0.04645807	0.0004933275	-0.06769397	-0.07006259	-0.03465369	-0.030977102	-0.018148229	-0.033490386	-0.040745147	0.035315663	0.010368855
0.25454646	-0.41758403	0.3418071	-0.4754544	-0.39534956	-0.39725295	0.4344727	-0.29782093	-0.42853743	-0.40210602	-0.18547313	-0.37026632	-0.42422852	-0.3824211	0.30993313	-0.4189455
0.47955158	-0.5908281	0.5519875	-0.6089189	-0.57681566	-0.6276031	0.6063405	-0.5549459	-0.6290223	-0.5591857	-0.30621484	-0.57771903	-0.6814333	-0.6437956	0.5099188	-0.6093167
0.4758907	-0.58623594	0.54750377	-0.63897836	-0.5819957	-0.56114334	0.6543698	-0.44918907	-0.59621525	-0.5774893	-0.2686679	-0.5551142	-0.65628487	-0.6307851	0.5599133	-0.590802
0.33983263	-0.5562311	0.44264108	-0.5054159	-0.46860862	-0.44068703	0.51212364	-0.3262319	-0.4854717	-0.4351977	-0.16737935	-0.4657253	-0.4759288	-0.43958166	0.34949085	-0.45315146
0.22128923	-0.17708986	0.1467678	-0.2235921	-0.24057496	-0.24817598	0.2730796	-0.17770585	-0.25677532	-0.19550411	-0.17637591	-0.2255001	-0.22729558	-0.26893693	0.18342426	-0.21740456
0.32189062	-0.37656745	0.34270608	-0.4147455	-0.36258408	-0.3769935	0.37960783	-0.4178111	-0.36163345	-0.44158998	-0.32510176	-0.3950222	-0.42083192	-0.40870988	0.36590648	-0.37844712
0.22869106	-0.36137316	0.3198133	-0.4054188	-0.3720996	-0.32175043	0.2917741	-0.32913786	-0.36890388	-0.2785827	-0.18819977	-0.35310838	-0.36165962	-0.28534314	0.28788182	-0.3403374
-0.38889667	0.38975242	-0.36000088	0.40050146	0.35042667	0.39040595	-0.39848387	0.31464365	0.35997075	0.3887125	0.32953852	0.31171718	0.36524338	0.36111888	-0.37392658	0.41436687
0.20009825	-0.214341	0.18152866	-0.23257084	-0.16576831	-0.22683938	0.2133527	-0.15367784	-0.14646797	-0.17474505	-0.121933594	-0.15077339	-0.1741091	-0.2061251	0.13832662	-0.21290627
0.21004115	-0.2561272	0.25814837	-0.3362351	-0.25771186	-0.2615262	0.29149044	-0.25686073	-0.30107456	-0.33685324	-0.15735391	-0.22060172	-0.3433206	-0.27360207	0.27528903	-0.32609245
0.19784391	-0.5250479	0.32704732	-0.549408	-0.5208555	-0.53128654	0.53646034	-0.27080527	-0.50829214	-0.44695976	0.08016004	-0.41670603	-0.55545366	-0.4458927	0.32760006	-0.4335717
-0.17631543	0.08836639	-0.18165728	0.16921465	0.11036454	0.16193688	-0.15713103	0.126849	0.076421365	0.115985714	0.21667294	0.09348315	0.08833288	0.10297424	-0.16202663	0.16193205
0.14095622	-0.27986494	0.19625688	-0.30528352	-0.31960222	-0.3325968	0.28007242	-0.20740512	-0.30953175	-0.2876998	0.028459974	-0.20863219	-0.3497244	-0.3270387	0.22175246	-0.24414192
0.1334624	-0.12076698	0.083962455	-0.13857467	-0.11982543	-0.08859122	0.083322376	-0.063605934	-0.15417807	-0.12252379	-0.06864877	-0.09680826	-0.14583863	-0.12609349	0.09585593	-0.1484932
-0.13506679	0.114780225	-0.09821275	0.19023255	0.14718416	0.18513705	-0.19092613	0.1630552	0.20063826	0.16766588	0.16329186	0.1899373	0.14495037	0.148942	-0.19783963	0.16949496
0.19396605	-0.26116046	0.2832741	-0.2947573	-0.21852782	-0.22506896	0.2887809	-0.26330137	-0.27626604	-0.31044748	-0.20023061	-0.23926695	-0.30453095	-0.28093624	0.23634242	-0.24932083
0.023355013	-0.07264036	0.07282648	-0.08930478	-0.0904271	-0.040361356	0.03510087	-0.07133064	-0.07986604	-0.071434885	-0.042170312	-0.007997313	-0.059219077	-0.026777359	0.0050612395	-0.04017804
0.013356441	-0.0304819	-0.009422518	-0.0218286	-0.060491562	0.0040651266	0.0010350926	-0.0346304	-0.030598057	-0.02013089	0.060078982	-0.07589293	-0.07492886	-0.02981629	0.022845956	-0.060353354
0.0084101185	0.061893325	-0.08220592	0.018513478	0.08067684	0.07227757	0.0072046965	0.04669536	-0.0032726978	0.07752451	0.022103585	0.022862913	0.023311602	0.01689096	-0.08665227	0.072055764
-0.09279736	0.18956734	-0.08697797	0.18081982	0.17531167	0.11007616	-0.17771195	0.08678579	0.15568371	0.12650625	0.07630258	0.18614925	0.19621883	0.2063744	-0.15594393	0.17547745
0.28206244	-0.3476423	0.34782225	-0.36958957	-0.3900692	-0.3225204	0.40809128	-0.37009016	-0.35340384	-0.33868325	-0.29894486	-0.3090173	-0.37396297	-0.31220466	0.33558515	-0.31205013
-0.21530457	0.20582159	-0.1565891	0.17981209	0.1284629	0.18012509	-0.14959887	0.20732507	0.16103145	0.17848283	0.20659907	0.13225561	0.22824049	0.19489102	-0.2197115	0.20081647
0.22438322	-0.22614744	0.28895727	-0.30989507	-0.26880315	-0.2671462	0.2569122	-0.22758394	-0.28443676	-0.21693613	-0.24741003	-0.20967819	-0.27498809	-0.23238094	0.1927695	-0.28379038
0.59803796	-0.58315414	0.61328876	-0.58829165	-0.63733995	-0.6479721	0.6305092	-0.57413924	-0.5991225	-0.65683436	-0.5118509	-0.5489631	-0.61598057	-0.6615611	0.60239124	-0.5744942
-0.10370018	0.03514524	-0.10786949	0.00430636	0.09000255	0.028566673	-0.057596438	0.08721914	0.038592435	0.101515315	0.10657812	0.04076588	0.023262825	0.103117324	-0.10209672	0.05178178
-0.32848138	0.33385047	-0.2933084	0.31553194	0.34968662	0.3657784	-0.32902658	0.32154292	0.3769631	0.34752688	0.2399842	0.3672046	0.3755224	0.3236041	-0.2646893	0.2837948
0.50123876	-0.6603482	0.5606461	-0.6632398	-0.6413582	-0.6716517	0.5988938	-0.520943	-0.59632117	-0.60208625	-0.42468387	-0.6192862	-0.6925347	-0.593005	0.5463303	-0.5875264
0.28746632	-0.3557143	0.37921548	-0.3850458	-0.3777979	-0.31079012	0.32301176	-0.28201255	-0.39235786	-0.317433	-0.32297677	-0.3181708	-0.3757593	-0.3625897	0.34083846	-0.3701862
0.08896689	-0.14793682	0.11035649	-0.11499351	-0.1045644	-0.13899708	0.13896456	-0.13013873	-0.13788277	-0.1287964	-0.08641323	-0.12059705	-0.14108643	-0.1102309	0.12271739	-0.15195109
-0.020121414	-0.23994508	0.06455769	-0.1806043	-0.16363285	-0.1744756	0.15059453	-0.07150183	-0.18878087	-0.13217974	0.13449883	-0.17170916	-0.15525816	-0.19609503	0.11895303	-0.18473837
-0.4095144	0.39128867	-0.44625905	0.41042012	0.42972288	0.38777852	-0.4062003	0.35910466	0.39070794	0.4774588	0.33436018	0.45342153	0.43041706	0.42208314	-0.3972738	0.4511412
-0.019533327	-0.045196254	-0.037416253	-0.051911544	-0.095812194	-0.08857816	0.08318638	0.015781708	-0.07186967	-0.010466422	0.13353933	0.014328183	-0.037330966	-0.07250532	-0.030103832	-0.09616084
-0.026065096	0.0055196485	0.04229711	0.0054449607	0.029469557	0.017007537	0.016576137	0.004655467	-0.035379488	0.015732998	0.007632891	0.027193861	-0.026780512	0.033675577	-0.01418325	0.011813584
0.04991408	-0.038900893	0.07258878	-0.0716019	-0.042900555	-0.11373304	0.10281365	-0.069034055	-0.12747978	-0.12815985	0.014104351	-0.029079221	-0.135178	-0.11297921	0.0042692325	-0.044286128
0.0748857	-0.14817964	0.05877334	-0.11640903	-0.12469058	-0.10867826	0.08414294	-0.13699459	-0.14276303	-0.14018059	-0.05340878	-0.05749052	-0.12712982	-0.11825174	0.14862777	-0.124913335
-0.030696515	0.007953139	-0.04946408	0.01361146	-0.005512144	-0.014397714	-0.008539258	0.014641122	0.015380104	-0.02830296	0.08755274	-0.029134853	0.018363755	-0.008049449	0.03199223	0.0057028504
-0.13862258	0.17715074	-0.15906468	0.13486041	0.1756915	0.11768007	-0.1234563	0.17493378	0.15375148	0.13330942	0.15400374	0.14872788	0.10288054	0.19669464	-0.099472106	0.17743473
-0.08995874	0.115982115	-0.062926054	0.13868923	0.12112768	0.118989654	-0.12410903	0.057405055	0.0408864	0.05748854	0.035858862	0.09051008	0.060653273	0.035815444	-0.058624804	0.101857476
0.5125116	-0.58960193	0.55430704	-0.6581026	-0.5805584	-0.6247835	0.6407045	-0.498786	-0.58498216	-0.59432906	-0.4360026	-0.5726492	-0.5994124	-0.59040934	0.52694625	-0.5777434
-0.021698924	-0.044393666	-0.051395245	-0.022479419	-0.023089679	0.038290165	0.001351218	0.00026614388	0.003759802	0.0010486636	0.019006528	-0.03637124	-0.0014098384	0.004984965	0.00043966825	0.03218814
0.43149793	-0.47772798	0.47641736	-0.4942	-0.42608023	-0.438004	0.42886713	-0.44488096	-0.4302704	-0.46053758	-0.33779034	-0.4803993	-0.4663162	-0.42221022	0.3732679	-0.45584863
0.4032632	-0.57101935	0.53793335	-0.5900325	-0.5251211	-0.57645816	0.60702056	-0.51557887	-0.5237217	-0.5732828	-0.28060535	-0.53842336	-0.5953167	-0.56820357	0.45909297	-0.5497937
0.37657562	-0.6120515	0.42245597	-0.6405823	-0.4765054	-0.5642195	0.5093245	-0.3984634	-0.5584787	-0.50243187	-0.23035854	-0.49887663	-0.62532836	-0.48429802	0.48807675	-0.51900446
-0.5412239	0.65850043	-0.5737593	0.68153405	0.5779135	0.6168653	-0.6514889	0.61044383	0.56770915	0.6105361	0.4739191	0.6068263	0.6957656	0.5824673	-0.5339507	0.6002192
-0.46876362	0.60190105	-0.5200593	0.5815225	0.5157593	0.54431224	-0.5902351	0.5796126	0.54298276	0.5085455	0.42303038	0.48969117	0.604145	0.6008863	-0.4833007	0.57236665
-0.16334698	0.15676364	-0.21373573	0.21168442	0.18523565	0.2480294	-0.1819992	0.16438141	0.23167711	0.22039092	0.15046959	0.19210397	0.24464004	0.16054522	-0.1706918	0.15958056
-0.09826924	0.09361321	-0.059960864	0.09621362	0.13661404	0.089234516	-0.08099299	0.14102733	0.1472747	0.117163524	0.08862096	0.069569245	0.07889972	0.08559057	-0.13029023	0.1193899
-0.60567373	0.6890497	-0.62436754	0.673473	0.59953564	0.67979413	-0.67829645	0.5688797	0.6325771	0.63512605	0.5562611	0.5776187	0.6475463	0.6924553	-0.57532424	0.5961211
-0.06872184	0.042749688	-0.003984074	0.051267117	0.046836253	0.074040554	-0.11709375	0.03749951	0.05264946	0.023700628	0.10056387	0.05615233	0.03942596	0.035799343	-0.03206275	0.08406645
-0.5518793	0.53471583	-0.5244474	0.5435918	0.5183944	0.5469914	-0.54755306	0.56736535	0.52561873	0.5991186	0.4326845	0.5769846	0.60548896	0.51777196	-0.4998184	0.55643505
0.044546623	-0.13247527	0.0346958	-0.049441993	-0.12179216	-0.09679236	0.079496145	-0.024644552	-0.1111528	-0.03396006	-0.09964611	-0.08671396	-0.07173792	-0.070722274	0.11428741	-0.115153246
0.21502909	-0.33822498	0.23467155	-0.33723354	-0.31263012	-0.32396847	0.2669596	-0.24545264	-0.31686026	-0.27733296	-0.005726474	-0.30389327	-0.31023043	-0.30325726	0.2542568	-0.2465162
0.2091295	-0.26387185	0.18078749	-0.26820356	-0.25322172	-0.28977883	0.24877727	-0.16590565	-0.28780237	-0.2959294	-0.12590827	-0.2882681	-0.32388002	-0.2536799	0.2336386	-0.25040463
0.16794403	-0.16211267	0.20763019	-0.19653928	-0.2223511	-0.17779265	0.16179042	-0.15475851	-0.1413623	-0.16197966	-0.15911433	-0.21979262	-0.1573104	-0.14108148	0.18571563	-0.15988667
-0.35985565	0.3729146	-0.38363954	0.38581038	0.34579873	0.4083465	-0.3918566	0.37591195	0.41006073	0.34752002	0.30681157	0.36774358	0.36158144	0.38018766	-0.3695776	0.3717343
0.04653059	-0.07181143	0.11695906	-0.12140934	-0.04999531	-0.056629326	0.06919975	-0.092691585	-0.14998272	-0.072726734	0.031213263	-0.11087707	-0.13445652	-0.06669572	0.09852664	-0.13123144
0.4203009	-0.5803107	0.47032917	-0.57570845	-0.50255305	-0.5807436	0.6156422	-0.43792716	-0.605111	-0.59149146	-0.27908558	-0.538816	-0.605373	-0.58539486	0.4597599	-0.51708144
-0.21153867	0.25232828	-0.16067326	0.23162748	0.21865131	0.1740065	-0.2711423	0.18815495	0.19310367	0.18551277	0.13154463	0.17885871	0.24005504	0.2438512	-0.21332325	0.23537248
-0.39163393	0.38760972	-0.42800122	0.384395	0.4328579	0.43084684	-0.4919825	0.4414218	0.387778	0.39435008	0.31888217	0.35118234	0.39935762	0.41253564	-0.43057168	0.4212541
0.27807412	-0.28260997	0.28661785	-0.26267436	-0.30625057	-0.28949872	0.2603284	-0.2774111	-0.26675954	-0.23560658	-0.20015931	-0.21872424	-0.25784633	-0.24547565	0.2907903	-0.23526418
0.07294432	-0.23082377	0.1798264	-0.22428882	-0.1831101	-0.20004965	0.257275	-0.12011042	-0.24960342	-0.20271006	0.009956004	-0.1851161	-0.23137341	-0.23594946	0.17738828	-0.21257375
-0.14658216	0.10012552	-0.03984473	0.066403925	0.07332544	0.089563526	-0.11040839	0.0718775	0.049625866	0.018721538	0.19762346	0.11616676	0.014335538	0.104601406	-0.13945234	0.07586526
-0.62072694	0.652627	-0.555431	0.6431126	0.5674306	0.63612485	-0.7013338	0.6255749	0.6596562	0.6166741	0.56215626	0.58198464	0.67396706	0.6177029	-0.59034455	0.6431911
-0.14415272	0.15438753	-0.18126154	0.21055116	0.17279854	0.13620627	-0.20474862	0.1853355	0.17783086	0.17452572	0.17059195	0.1312057	0.18768863	0.19557503	-0.17554222	0.13887791
-0.32520473	0.29231283	-0.27070075	0.2961623	0.27837354	0.3539312	-0.31284305	0.30806816	0.29343846	0.34186032	0.30869794	0.26995283	0.29786137	0.29058975	-0.35741886	0.26470685
0.16608359	-0.14539173	0.16935496	-0.16819681	-0.16708186	-0.21787156	0.21003322	-0.19403262	-0.2279631	-0.19939439	-0.15659727	-0.14873509	-0.20410824	-0.18625152	0.14836368	-0.1907559
0.19027203	-0.2407133	0.2691323	-0.27644503	-0.24633913	-0.20926638	0.28181756	-0.21467443	-0.24474639	-0.28979713	-0.1738695	-0.19577572	-0.28183874	-0.25577614	0.176552	-0.28343934
0.33964148	-0.3910883	0.360785	-0.40504184	-0.36427954	-0.3779826	0.33997083	-0.3525891	-0.36097202	-0.33172807	-0.3341185	-0.3960248	-0.41184077	-0.40270284	0.37466368	-0.31229323
0.59753877	-0.640903	0.58231163	-0.6363926	-0.66416776	-0.672382	0.6673651	-0.61172783	-0.6374775	-0.64310026	-0.5783958	-0.58928424	-0.6702073	-0.6770208	0.612244	-0.6861165
-0.5571672	0.6620349	-0.6018531	0.68644184	0.602772	0.65971655	-0.6508834	0.56783897	0.56729597	0.61732024	0.4832376	0.61924547	0.632076	0.64562714	-0.6141011	0.6405271
-0.020169958	-0.011570134	-0.077634186	0.059634123	0.04100983	0.038422335	-0.014404183	-0.0284319	0.009224592	0.044496704	-0.00739557	0.08302407	-0.00025265466	0.017845389	0.0050729904	0.056342106
-0.17044754	0.11479081	-0.17862427	0.11686452	0.1804512	0.16032955	-0.20615025	0.13195124	0.15594822	0.19730465	0.15572436	0.20753746	0.2046046	0.17859	-0.14243001	0.17871526
0.047668856	0.014565595	0.03402544	-0.056927923	-0.017662888	0.021645432	0.048546594	-0.025488446	-0.05835792	-0.041430727	0.0025157728	-0.0005964228	0.022723103	-0.02080656	0.0018527475	-0.012086775
-0.16178098	0.18567248	-0.17552687	0.088743545	0.13251556	0.10723927	-0.14582786	0.16335267	0.10804001	0.17268443	0.20844266	0.12870088	0.098201215	0.14260584	-0.18397999	0.118103504
-0.42551553	0.4657064	-0.40926427	0.48371017	0.42879018	0.41958448	-0.48946458	0.39424422	0.48019555	0.44725314	0.3619378	0.3800451	0.49519038	0.45808205	-0.3872963	0.4588323
-0.5407136	0.56128865	-0.54129905	0.5922592	0.634898	0.65682995	-0.5963203	0.5229924	0.6120778	0.62614685	0.49881136	0.56854826	0.6079466	0.65165883	-0.5209132	0.59741503
-0.12237355	0.11269987	-0.15138327	0.08027963	0.06897932	0.046004005	-0.11947571	0.10636136	0.045473095	0.084959954	0.1928886	0.107339896	0.09587393	0.066302486	-0.072328	0.063697904
0.53801787	-0.6959302	0.6025145	-0.68958944	-0.57903045	-0.59454215	0.6713696	-0.5566336	-0.6420786	-0.59759235	-0.51494306	-0.5557162	-0.64185417	-0.63902324	0.6187211	-0.57756895
-0.22277398	0.1374438	-0.15062918	0.10947212	0.17407218	0.153496	-0.16144648	0.2178347	0.116479404	0.16000092	0.21644865	0.12756944	0.16514818	0.15325409	-0.19823869	0.18598974
-0.031331617	-0.0036625862	-0.030477725	0.024102326	-0.020035082	-0.029341565	-0.019540794	0.0069487747	0.045934007	-0.041916326	0.08421772	0.042148527	-0.061739672	-0.01205912	-0.0039729034	-0.015794823
-0.0117839575	-0.2180517	0.103849754	-0.20008525	-0.16608222	-0.15438338	0.15216957	-0.049187526	-0.17948584	-0.14626965	0.05404436	-0.0947109	-0.25488746	-0.20041001	0.044209197	-0.2052317
-0.40080374	0.49240032	-0.46385166	0.5051189	0.38847175	0.41443828	-0.49924797	0.43568367	0.43822923	0.39102525	0.3785066	0.4077776	0.5029268	0.4794591	-0.3693783	0.45668182
0.024131961	-0.11256848	0.12696727	-0.07038926	-0.103129484	-0.056831215	0.115957096	-0.07013811	-0.10175921	-0.07158924	-0.0005383304	-0.05333419	-0.119651996	-0.13453273	0.09524953	-0.12691827
0.4661783	-0.57138187	0.4426109	-0.5423624	-0.5020599	-0.4840053	0.56245434	-0.485485	-0.55772	-0.48583448	-0.27407965	-0.5169057	-0.54783356	-0.5452578	0.4432969	-0.5507585
0.22787596	-0.48421445	0.31129682	-0.46611792	-0.39583185	-0.4887978	0.4934531	-0.3209811	-0.47739205	-0.48041463	-0.08550887	-0.42340207	-0.53606737	-0.43231618	0.38177764	-0.41695252
-0.21893692	0.067968614	-0.23355913	0.092341475	0.10488897	0.041644152	-0.08189287	0.18416725	0.13447876	0.082483634	0.26685935	0.17953639	0.08840135	0.050084572	-0.15733804	0.106002495
-0.092737645	0.025228819	-0.10373165	0.104774505	0.044606067	0.03138095	-0.088420436	0.10414569	0.044264782	0.0767118	0.06072599	0.06591668	0.08896516	0.10650311	-0.05496732	0.074601166
-0.14609337	0.12894218	-0.15492779	0.14205322	0.15117235	0.10004341	-0.15975212	0.14170535	0.10429338	0.11476338	0.1408779	0.14485566	0.122901484	0.1251048	-0.122470506	0.097265616
0.34388915	-0.47221196	0.4154182	-0.5243799	-0.4146671	-0.48832282	0.4589504	-0.3072144	-0.4504166	-0.4054723	-0.2051768	-0.38208768	-0.44956833	-0.47257307	0.3996077	-0.45894068
